"","Common.name","julian_day","n"
"1","Acadian Flycatcher",151,230
"2","Acadian Flycatcher",152,239
"3","Acadian Flycatcher",153,659
"4","Acadian Flycatcher",154,361
"5","Acadian Flycatcher",155,542
"6","Acadian Flycatcher",156,624
"7","Acadian Flycatcher",157,396
"8","Acadian Flycatcher",158,404
"9","Acadian Flycatcher",159,268
"10","Acadian Flycatcher",160,76
"11","Acadian Flycatcher",161,96
"12","Acadian Flycatcher",162,45
"13","Acadian Flycatcher",163,51
"14","Acadian Flycatcher",164,20
"15","Acadian Flycatcher",165,146
"16","Acadian Flycatcher",166,89
"17","Acadian Flycatcher",167,176
"18","Acadian Flycatcher",168,144
"19","Acadian Flycatcher",169,92
"20","Acadian Flycatcher",170,117
"21","Acadian Flycatcher",171,58
"22","Acadian Flycatcher",172,51
"23","Acadian Flycatcher",173,84
"24","Acadian Flycatcher",174,145
"25","Acadian Flycatcher",175,121
"26","Acadian Flycatcher",176,89
"27","Acadian Flycatcher",177,52
"28","Acadian Flycatcher",178,135
"29","Acadian Flycatcher",179,154
"30","Acadian Flycatcher",180,23
"31","Acadian Flycatcher",181,130
"32","Acadian Flycatcher",182,100
"33","Acadian Flycatcher",183,131
"34","Acadian Flycatcher",184,68
"35","Acadian Flycatcher",185,152
"36","Acadian Flycatcher",186,116
"37","Acadian Flycatcher",187,455
"38","Acadian Flycatcher",188,31
"39","Acadian Flycatcher",189,38
"40","Acadian Flycatcher",190,28
"41","Acadian Flycatcher",191,5
"42","Acadian Flycatcher",192,14
"43","Acadian Flycatcher",193,24
"44","Acadian Flycatcher",194,120
"45","Acadian Flycatcher",195,202
"46","Acadian Flycatcher",196,96
"47","Acadian Flycatcher",197,158
"48","Acadian Flycatcher",198,100
"49","Acadian Flycatcher",199,98
"50","Acadian Flycatcher",200,94
"51","Acadian Flycatcher",201,53
"52","American Crow",151,0
"53","American Crow",152,0
"54","American Crow",153,0
"55","American Crow",154,0
"56","American Crow",155,0
"57","American Crow",156,0
"58","American Crow",157,0
"59","American Crow",158,1
"60","American Crow",159,0
"61","American Crow",160,0
"62","American Crow",161,0
"63","American Crow",162,0
"64","American Crow",163,0
"65","American Crow",164,0
"66","American Crow",165,0
"67","American Crow",166,0
"68","American Crow",167,0
"69","American Crow",168,1
"70","American Crow",169,0
"71","American Crow",170,0
"72","American Crow",171,0
"73","American Crow",172,0
"74","American Crow",173,0
"75","American Crow",174,0
"76","American Crow",175,0
"77","American Crow",176,0
"78","American Crow",177,0
"79","American Crow",178,0
"80","American Crow",179,0
"81","American Crow",180,0
"82","American Crow",181,0
"83","American Crow",182,0
"84","American Crow",183,0
"85","American Crow",184,0
"86","American Crow",185,0
"87","American Crow",186,1
"88","American Crow",187,0
"89","American Crow",188,0
"90","American Crow",189,0
"91","American Crow",190,1
"92","American Crow",191,0
"93","American Crow",192,0
"94","American Crow",193,0
"95","American Crow",194,1
"96","American Crow",195,0
"97","American Crow",196,1
"98","American Crow",197,0
"99","American Crow",198,0
"100","American Crow",199,0
"101","American Crow",200,0
"102","American Crow",201,0
"103","American Goldfinch",151,0
"104","American Goldfinch",152,0
"105","American Goldfinch",153,0
"106","American Goldfinch",154,0
"107","American Goldfinch",155,0
"108","American Goldfinch",156,0
"109","American Goldfinch",157,0
"110","American Goldfinch",158,0
"111","American Goldfinch",159,0
"112","American Goldfinch",160,0
"113","American Goldfinch",161,0
"114","American Goldfinch",162,0
"115","American Goldfinch",163,0
"116","American Goldfinch",164,0
"117","American Goldfinch",165,0
"118","American Goldfinch",166,0
"119","American Goldfinch",167,1
"120","American Goldfinch",168,0
"121","American Goldfinch",169,0
"122","American Goldfinch",170,0
"123","American Goldfinch",171,0
"124","American Goldfinch",172,0
"125","American Goldfinch",173,0
"126","American Goldfinch",174,0
"127","American Goldfinch",175,0
"128","American Goldfinch",176,0
"129","American Goldfinch",177,0
"130","American Goldfinch",178,0
"131","American Goldfinch",179,0
"132","American Goldfinch",180,0
"133","American Goldfinch",181,0
"134","American Goldfinch",182,0
"135","American Goldfinch",183,0
"136","American Goldfinch",184,0
"137","American Goldfinch",185,0
"138","American Goldfinch",186,0
"139","American Goldfinch",187,0
"140","American Goldfinch",188,0
"141","American Goldfinch",189,0
"142","American Goldfinch",190,0
"143","American Goldfinch",191,0
"144","American Goldfinch",192,0
"145","American Goldfinch",193,0
"146","American Goldfinch",194,0
"147","American Goldfinch",195,0
"148","American Goldfinch",196,0
"149","American Goldfinch",197,0
"150","American Goldfinch",198,0
"151","American Goldfinch",199,1
"152","American Goldfinch",200,0
"153","American Goldfinch",201,2
"154","American Redstart",151,0
"155","American Redstart",152,0
"156","American Redstart",153,0
"157","American Redstart",154,0
"158","American Redstart",155,0
"159","American Redstart",156,0
"160","American Redstart",157,0
"161","American Redstart",158,0
"162","American Redstart",159,0
"163","American Redstart",160,0
"164","American Redstart",161,2
"165","American Redstart",162,0
"166","American Redstart",163,0
"167","American Redstart",164,0
"168","American Redstart",165,0
"169","American Redstart",166,0
"170","American Redstart",167,0
"171","American Redstart",168,0
"172","American Redstart",169,0
"173","American Redstart",170,0
"174","American Redstart",171,0
"175","American Redstart",172,0
"176","American Redstart",173,0
"177","American Redstart",174,0
"178","American Redstart",175,0
"179","American Redstart",176,0
"180","American Redstart",177,0
"181","American Redstart",178,2
"182","American Redstart",179,3
"183","American Redstart",180,0
"184","American Redstart",181,0
"185","American Redstart",182,0
"186","American Redstart",183,0
"187","American Redstart",184,0
"188","American Redstart",185,0
"189","American Redstart",186,0
"190","American Redstart",187,1
"191","American Redstart",188,0
"192","American Redstart",189,0
"193","American Redstart",190,0
"194","American Redstart",191,0
"195","American Redstart",192,1
"196","American Redstart",193,0
"197","American Redstart",194,0
"198","American Redstart",195,0
"199","American Redstart",196,0
"200","American Redstart",197,0
"201","American Redstart",198,0
"202","American Redstart",199,0
"203","American Redstart",200,0
"204","American Redstart",201,0
"205","American Robin ",151,0
"206","American Robin ",152,0
"207","American Robin ",153,0
"208","American Robin ",154,0
"209","American Robin ",155,0
"210","American Robin ",156,0
"211","American Robin ",157,0
"212","American Robin ",158,0
"213","American Robin ",159,0
"214","American Robin ",160,0
"215","American Robin ",161,0
"216","American Robin ",162,0
"217","American Robin ",163,0
"218","American Robin ",164,0
"219","American Robin ",165,0
"220","American Robin ",166,0
"221","American Robin ",167,0
"222","American Robin ",168,0
"223","American Robin ",169,0
"224","American Robin ",170,0
"225","American Robin ",171,0
"226","American Robin ",172,0
"227","American Robin ",173,0
"228","American Robin ",174,0
"229","American Robin ",175,0
"230","American Robin ",176,0
"231","American Robin ",177,0
"232","American Robin ",178,0
"233","American Robin ",179,0
"234","American Robin ",180,0
"235","American Robin ",181,0
"236","American Robin ",182,0
"237","American Robin ",183,0
"238","American Robin ",184,0
"239","American Robin ",185,0
"240","American Robin ",186,0
"241","American Robin ",187,0
"242","American Robin ",188,0
"243","American Robin ",189,0
"244","American Robin ",190,0
"245","American Robin ",191,0
"246","American Robin ",192,0
"247","American Robin ",193,0
"248","American Robin ",194,0
"249","American Robin ",195,0
"250","American Robin ",196,0
"251","American Robin ",197,0
"252","American Robin ",198,0
"253","American Robin ",199,0
"254","American Robin ",200,0
"255","American Robin ",201,0
"256","Barred Owl",151,0
"257","Barred Owl",152,0
"258","Barred Owl",153,0
"259","Barred Owl",154,0
"260","Barred Owl",155,4
"261","Barred Owl",156,0
"262","Barred Owl",157,3
"263","Barred Owl",158,2
"264","Barred Owl",159,0
"265","Barred Owl",160,3
"266","Barred Owl",161,0
"267","Barred Owl",162,0
"268","Barred Owl",163,1
"269","Barred Owl",164,4
"270","Barred Owl",165,2
"271","Barred Owl",166,0
"272","Barred Owl",167,0
"273","Barred Owl",168,0
"274","Barred Owl",169,2
"275","Barred Owl",170,0
"276","Barred Owl",171,0
"277","Barred Owl",172,0
"278","Barred Owl",173,0
"279","Barred Owl",174,0
"280","Barred Owl",175,3
"281","Barred Owl",176,1
"282","Barred Owl",177,0
"283","Barred Owl",178,0
"284","Barred Owl",179,1
"285","Barred Owl",180,0
"286","Barred Owl",181,1
"287","Barred Owl",182,0
"288","Barred Owl",183,0
"289","Barred Owl",184,0
"290","Barred Owl",185,0
"291","Barred Owl",186,0
"292","Barred Owl",187,0
"293","Barred Owl",188,1
"294","Barred Owl",189,0
"295","Barred Owl",190,2
"296","Barred Owl",191,0
"297","Barred Owl",192,1
"298","Barred Owl",193,0
"299","Barred Owl",194,0
"300","Barred Owl",195,1
"301","Barred Owl",196,0
"302","Barred Owl",197,0
"303","Barred Owl",198,0
"304","Barred Owl",199,0
"305","Barred Owl",200,0
"306","Barred Owl",201,0
"307","Black-and-white Warbler",151,0
"308","Black-and-white Warbler",152,0
"309","Black-and-white Warbler",153,0
"310","Black-and-white Warbler",154,0
"311","Black-and-white Warbler",155,1
"312","Black-and-white Warbler",156,0
"313","Black-and-white Warbler",157,0
"314","Black-and-white Warbler",158,2
"315","Black-and-white Warbler",159,2
"316","Black-and-white Warbler",160,0
"317","Black-and-white Warbler",161,2
"318","Black-and-white Warbler",162,0
"319","Black-and-white Warbler",163,0
"320","Black-and-white Warbler",164,0
"321","Black-and-white Warbler",165,0
"322","Black-and-white Warbler",166,1
"323","Black-and-white Warbler",167,0
"324","Black-and-white Warbler",168,1
"325","Black-and-white Warbler",169,0
"326","Black-and-white Warbler",170,2
"327","Black-and-white Warbler",171,0
"328","Black-and-white Warbler",172,0
"329","Black-and-white Warbler",173,1
"330","Black-and-white Warbler",174,0
"331","Black-and-white Warbler",175,5
"332","Black-and-white Warbler",176,0
"333","Black-and-white Warbler",177,8
"334","Black-and-white Warbler",178,0
"335","Black-and-white Warbler",179,3
"336","Black-and-white Warbler",180,0
"337","Black-and-white Warbler",181,0
"338","Black-and-white Warbler",182,7
"339","Black-and-white Warbler",183,0
"340","Black-and-white Warbler",184,0
"341","Black-and-white Warbler",185,0
"342","Black-and-white Warbler",186,0
"343","Black-and-white Warbler",187,2
"344","Black-and-white Warbler",188,2
"345","Black-and-white Warbler",189,0
"346","Black-and-white Warbler",190,0
"347","Black-and-white Warbler",191,0
"348","Black-and-white Warbler",192,1
"349","Black-and-white Warbler",193,1
"350","Black-and-white Warbler",194,0
"351","Black-and-white Warbler",195,0
"352","Black-and-white Warbler",196,1
"353","Black-and-white Warbler",197,0
"354","Black-and-white Warbler",198,1
"355","Black-and-white Warbler",199,0
"356","Black-and-white Warbler",200,0
"357","Black-and-white Warbler",201,1
"358","Blue-gray Gnatcatcher",151,3
"359","Blue-gray Gnatcatcher",152,0
"360","Blue-gray Gnatcatcher",153,0
"361","Blue-gray Gnatcatcher",154,1
"362","Blue-gray Gnatcatcher",155,0
"363","Blue-gray Gnatcatcher",156,0
"364","Blue-gray Gnatcatcher",157,0
"365","Blue-gray Gnatcatcher",158,0
"366","Blue-gray Gnatcatcher",159,0
"367","Blue-gray Gnatcatcher",160,2
"368","Blue-gray Gnatcatcher",161,3
"369","Blue-gray Gnatcatcher",162,0
"370","Blue-gray Gnatcatcher",163,0
"371","Blue-gray Gnatcatcher",164,0
"372","Blue-gray Gnatcatcher",165,0
"373","Blue-gray Gnatcatcher",166,1
"374","Blue-gray Gnatcatcher",167,0
"375","Blue-gray Gnatcatcher",168,0
"376","Blue-gray Gnatcatcher",169,0
"377","Blue-gray Gnatcatcher",170,1
"378","Blue-gray Gnatcatcher",171,1
"379","Blue-gray Gnatcatcher",172,0
"380","Blue-gray Gnatcatcher",173,0
"381","Blue-gray Gnatcatcher",174,0
"382","Blue-gray Gnatcatcher",175,1
"383","Blue-gray Gnatcatcher",176,0
"384","Blue-gray Gnatcatcher",177,0
"385","Blue-gray Gnatcatcher",178,0
"386","Blue-gray Gnatcatcher",179,4
"387","Blue-gray Gnatcatcher",180,0
"388","Blue-gray Gnatcatcher",181,0
"389","Blue-gray Gnatcatcher",182,1
"390","Blue-gray Gnatcatcher",183,0
"391","Blue-gray Gnatcatcher",184,0
"392","Blue-gray Gnatcatcher",185,0
"393","Blue-gray Gnatcatcher",186,0
"394","Blue-gray Gnatcatcher",187,0
"395","Blue-gray Gnatcatcher",188,1
"396","Blue-gray Gnatcatcher",189,0
"397","Blue-gray Gnatcatcher",190,0
"398","Blue-gray Gnatcatcher",191,0
"399","Blue-gray Gnatcatcher",192,0
"400","Blue-gray Gnatcatcher",193,0
"401","Blue-gray Gnatcatcher",194,0
"402","Blue-gray Gnatcatcher",195,0
"403","Blue-gray Gnatcatcher",196,0
"404","Blue-gray Gnatcatcher",197,0
"405","Blue-gray Gnatcatcher",198,0
"406","Blue-gray Gnatcatcher",199,0
"407","Blue-gray Gnatcatcher",200,0
"408","Blue-gray Gnatcatcher",201,0
"409","Blue Grosbeak",151,4
"410","Blue Grosbeak",152,4
"411","Blue Grosbeak",153,0
"412","Blue Grosbeak",154,5
"413","Blue Grosbeak",155,5
"414","Blue Grosbeak",156,1
"415","Blue Grosbeak",157,8
"416","Blue Grosbeak",158,4
"417","Blue Grosbeak",159,4
"418","Blue Grosbeak",160,7
"419","Blue Grosbeak",161,6
"420","Blue Grosbeak",162,7
"421","Blue Grosbeak",163,11
"422","Blue Grosbeak",164,1
"423","Blue Grosbeak",165,2
"424","Blue Grosbeak",166,0
"425","Blue Grosbeak",167,3
"426","Blue Grosbeak",168,1
"427","Blue Grosbeak",169,5
"428","Blue Grosbeak",170,2
"429","Blue Grosbeak",171,0
"430","Blue Grosbeak",172,0
"431","Blue Grosbeak",173,5
"432","Blue Grosbeak",174,2
"433","Blue Grosbeak",175,1
"434","Blue Grosbeak",176,0
"435","Blue Grosbeak",177,2
"436","Blue Grosbeak",178,2
"437","Blue Grosbeak",179,0
"438","Blue Grosbeak",180,0
"439","Blue Grosbeak",181,0
"440","Blue Grosbeak",182,1
"441","Blue Grosbeak",183,0
"442","Blue Grosbeak",184,0
"443","Blue Grosbeak",185,1
"444","Blue Grosbeak",186,0
"445","Blue Grosbeak",187,0
"446","Blue Grosbeak",188,0
"447","Blue Grosbeak",189,0
"448","Blue Grosbeak",190,0
"449","Blue Grosbeak",191,1
"450","Blue Grosbeak",192,0
"451","Blue Grosbeak",193,0
"452","Blue Grosbeak",194,0
"453","Blue Grosbeak",195,0
"454","Blue Grosbeak",196,0
"455","Blue Grosbeak",197,0
"456","Blue Grosbeak",198,2
"457","Blue Grosbeak",199,0
"458","Blue Grosbeak",200,0
"459","Blue Grosbeak",201,1
"460","Blue Jay",151,0
"461","Blue Jay",152,0
"462","Blue Jay",153,0
"463","Blue Jay",154,0
"464","Blue Jay",155,0
"465","Blue Jay",156,2
"466","Blue Jay",157,0
"467","Blue Jay",158,2
"468","Blue Jay",159,6
"469","Blue Jay",160,0
"470","Blue Jay",161,0
"471","Blue Jay",162,0
"472","Blue Jay",163,0
"473","Blue Jay",164,0
"474","Blue Jay",165,0
"475","Blue Jay",166,0
"476","Blue Jay",167,0
"477","Blue Jay",168,0
"478","Blue Jay",169,1
"479","Blue Jay",170,0
"480","Blue Jay",171,0
"481","Blue Jay",172,0
"482","Blue Jay",173,0
"483","Blue Jay",174,0
"484","Blue Jay",175,0
"485","Blue Jay",176,0
"486","Blue Jay",177,0
"487","Blue Jay",178,0
"488","Blue Jay",179,0
"489","Blue Jay",180,0
"490","Blue Jay",181,0
"491","Blue Jay",182,1
"492","Blue Jay",183,0
"493","Blue Jay",184,0
"494","Blue Jay",185,0
"495","Blue Jay",186,0
"496","Blue Jay",187,0
"497","Blue Jay",188,0
"498","Blue Jay",189,0
"499","Blue Jay",190,0
"500","Blue Jay",191,0
"501","Blue Jay",192,0
"502","Blue Jay",193,0
"503","Blue Jay",194,0
"504","Blue Jay",195,0
"505","Blue Jay",196,1
"506","Blue Jay",197,0
"507","Blue Jay",198,0
"508","Blue Jay",199,0
"509","Blue Jay",200,0
"510","Blue Jay",201,0
"511","Brown-headed Cowbird",151,0
"512","Brown-headed Cowbird",152,0
"513","Brown-headed Cowbird",153,0
"514","Brown-headed Cowbird",154,0
"515","Brown-headed Cowbird",155,0
"516","Brown-headed Cowbird",156,0
"517","Brown-headed Cowbird",157,0
"518","Brown-headed Cowbird",158,0
"519","Brown-headed Cowbird",159,0
"520","Brown-headed Cowbird",160,0
"521","Brown-headed Cowbird",161,1
"522","Brown-headed Cowbird",162,0
"523","Brown-headed Cowbird",163,0
"524","Brown-headed Cowbird",164,0
"525","Brown-headed Cowbird",165,0
"526","Brown-headed Cowbird",166,0
"527","Brown-headed Cowbird",167,0
"528","Brown-headed Cowbird",168,0
"529","Brown-headed Cowbird",169,0
"530","Brown-headed Cowbird",170,0
"531","Brown-headed Cowbird",171,1
"532","Brown-headed Cowbird",172,0
"533","Brown-headed Cowbird",173,0
"534","Brown-headed Cowbird",174,0
"535","Brown-headed Cowbird",175,0
"536","Brown-headed Cowbird",176,0
"537","Brown-headed Cowbird",177,0
"538","Brown-headed Cowbird",178,0
"539","Brown-headed Cowbird",179,0
"540","Brown-headed Cowbird",180,0
"541","Brown-headed Cowbird",181,0
"542","Brown-headed Cowbird",182,0
"543","Brown-headed Cowbird",183,0
"544","Brown-headed Cowbird",184,0
"545","Brown-headed Cowbird",185,0
"546","Brown-headed Cowbird",186,0
"547","Brown-headed Cowbird",187,0
"548","Brown-headed Cowbird",188,0
"549","Brown-headed Cowbird",189,0
"550","Brown-headed Cowbird",190,0
"551","Brown-headed Cowbird",191,0
"552","Brown-headed Cowbird",192,0
"553","Brown-headed Cowbird",193,0
"554","Brown-headed Cowbird",194,0
"555","Brown-headed Cowbird",195,0
"556","Brown-headed Cowbird",196,0
"557","Brown-headed Cowbird",197,0
"558","Brown-headed Cowbird",198,0
"559","Brown-headed Cowbird",199,0
"560","Brown-headed Cowbird",200,0
"561","Brown-headed Cowbird",201,0
"562","Brown-headed Nuthatch",151,0
"563","Brown-headed Nuthatch",152,0
"564","Brown-headed Nuthatch",153,0
"565","Brown-headed Nuthatch",154,0
"566","Brown-headed Nuthatch",155,0
"567","Brown-headed Nuthatch",156,2
"568","Brown-headed Nuthatch",157,0
"569","Brown-headed Nuthatch",158,1
"570","Brown-headed Nuthatch",159,0
"571","Brown-headed Nuthatch",160,0
"572","Brown-headed Nuthatch",161,1
"573","Brown-headed Nuthatch",162,0
"574","Brown-headed Nuthatch",163,0
"575","Brown-headed Nuthatch",164,0
"576","Brown-headed Nuthatch",165,2
"577","Brown-headed Nuthatch",166,5
"578","Brown-headed Nuthatch",167,0
"579","Brown-headed Nuthatch",168,0
"580","Brown-headed Nuthatch",169,0
"581","Brown-headed Nuthatch",170,1
"582","Brown-headed Nuthatch",171,0
"583","Brown-headed Nuthatch",172,1
"584","Brown-headed Nuthatch",173,0
"585","Brown-headed Nuthatch",174,0
"586","Brown-headed Nuthatch",175,0
"587","Brown-headed Nuthatch",176,0
"588","Brown-headed Nuthatch",177,0
"589","Brown-headed Nuthatch",178,1
"590","Brown-headed Nuthatch",179,0
"591","Brown-headed Nuthatch",180,0
"592","Brown-headed Nuthatch",181,0
"593","Brown-headed Nuthatch",182,0
"594","Brown-headed Nuthatch",183,0
"595","Brown-headed Nuthatch",184,0
"596","Brown-headed Nuthatch",185,0
"597","Brown-headed Nuthatch",186,1
"598","Brown-headed Nuthatch",187,0
"599","Brown-headed Nuthatch",188,0
"600","Brown-headed Nuthatch",189,0
"601","Brown-headed Nuthatch",190,1
"602","Brown-headed Nuthatch",191,0
"603","Brown-headed Nuthatch",192,0
"604","Brown-headed Nuthatch",193,0
"605","Brown-headed Nuthatch",194,0
"606","Brown-headed Nuthatch",195,1
"607","Brown-headed Nuthatch",196,3
"608","Brown-headed Nuthatch",197,0
"609","Brown-headed Nuthatch",198,0
"610","Brown-headed Nuthatch",199,0
"611","Brown-headed Nuthatch",200,0
"612","Brown-headed Nuthatch",201,0
"613","Carolina Chickadee",151,0
"614","Carolina Chickadee",152,0
"615","Carolina Chickadee",153,0
"616","Carolina Chickadee",154,2
"617","Carolina Chickadee",155,2
"618","Carolina Chickadee",156,0
"619","Carolina Chickadee",157,3
"620","Carolina Chickadee",158,53
"621","Carolina Chickadee",159,0
"622","Carolina Chickadee",160,0
"623","Carolina Chickadee",161,47
"624","Carolina Chickadee",162,3
"625","Carolina Chickadee",163,0
"626","Carolina Chickadee",164,0
"627","Carolina Chickadee",165,0
"628","Carolina Chickadee",166,1
"629","Carolina Chickadee",167,2
"630","Carolina Chickadee",168,0
"631","Carolina Chickadee",169,1
"632","Carolina Chickadee",170,4
"633","Carolina Chickadee",171,2
"634","Carolina Chickadee",172,0
"635","Carolina Chickadee",173,17
"636","Carolina Chickadee",174,5
"637","Carolina Chickadee",175,25
"638","Carolina Chickadee",176,2
"639","Carolina Chickadee",177,29
"640","Carolina Chickadee",178,0
"641","Carolina Chickadee",179,35
"642","Carolina Chickadee",180,9
"643","Carolina Chickadee",181,3
"644","Carolina Chickadee",182,14
"645","Carolina Chickadee",183,0
"646","Carolina Chickadee",184,0
"647","Carolina Chickadee",185,0
"648","Carolina Chickadee",186,6
"649","Carolina Chickadee",187,4
"650","Carolina Chickadee",188,26
"651","Carolina Chickadee",189,0
"652","Carolina Chickadee",190,2
"653","Carolina Chickadee",191,0
"654","Carolina Chickadee",192,1
"655","Carolina Chickadee",193,18
"656","Carolina Chickadee",194,0
"657","Carolina Chickadee",195,5
"658","Carolina Chickadee",196,0
"659","Carolina Chickadee",197,0
"660","Carolina Chickadee",198,1
"661","Carolina Chickadee",199,0
"662","Carolina Chickadee",200,0
"663","Carolina Chickadee",201,0
"664","Carolina Wren",151,0
"665","Carolina Wren",152,0
"666","Carolina Wren",153,0
"667","Carolina Wren",154,0
"668","Carolina Wren",155,73
"669","Carolina Wren",156,26
"670","Carolina Wren",157,6
"671","Carolina Wren",158,14
"672","Carolina Wren",159,32
"673","Carolina Wren",160,37
"674","Carolina Wren",161,138
"675","Carolina Wren",162,2
"676","Carolina Wren",163,0
"677","Carolina Wren",164,0
"678","Carolina Wren",165,2
"679","Carolina Wren",166,6
"680","Carolina Wren",167,4
"681","Carolina Wren",168,7
"682","Carolina Wren",169,0
"683","Carolina Wren",170,44
"684","Carolina Wren",171,10
"685","Carolina Wren",172,5
"686","Carolina Wren",173,11
"687","Carolina Wren",174,0
"688","Carolina Wren",175,0
"689","Carolina Wren",176,98
"690","Carolina Wren",177,22
"691","Carolina Wren",178,3
"692","Carolina Wren",179,24
"693","Carolina Wren",180,6
"694","Carolina Wren",181,0
"695","Carolina Wren",182,0
"696","Carolina Wren",183,0
"697","Carolina Wren",184,18
"698","Carolina Wren",185,4
"699","Carolina Wren",186,64
"700","Carolina Wren",187,1
"701","Carolina Wren",188,4
"702","Carolina Wren",189,0
"703","Carolina Wren",190,16
"704","Carolina Wren",191,2
"705","Carolina Wren",192,24
"706","Carolina Wren",193,2
"707","Carolina Wren",194,14
"708","Carolina Wren",195,7
"709","Carolina Wren",196,0
"710","Carolina Wren",197,0
"711","Carolina Wren",198,0
"712","Carolina Wren",199,1
"713","Carolina Wren",200,21
"714","Carolina Wren",201,10
"715","Chimney Swift",151,0
"716","Chimney Swift",152,0
"717","Chimney Swift",153,0
"718","Chimney Swift",154,0
"719","Chimney Swift",155,0
"720","Chimney Swift",156,0
"721","Chimney Swift",157,0
"722","Chimney Swift",158,0
"723","Chimney Swift",159,0
"724","Chimney Swift",160,0
"725","Chimney Swift",161,0
"726","Chimney Swift",162,0
"727","Chimney Swift",163,0
"728","Chimney Swift",164,0
"729","Chimney Swift",165,0
"730","Chimney Swift",166,0
"731","Chimney Swift",167,0
"732","Chimney Swift",168,0
"733","Chimney Swift",169,0
"734","Chimney Swift",170,0
"735","Chimney Swift",171,0
"736","Chimney Swift",172,0
"737","Chimney Swift",173,0
"738","Chimney Swift",174,0
"739","Chimney Swift",175,0
"740","Chimney Swift",176,0
"741","Chimney Swift",177,0
"742","Chimney Swift",178,0
"743","Chimney Swift",179,0
"744","Chimney Swift",180,0
"745","Chimney Swift",181,0
"746","Chimney Swift",182,0
"747","Chimney Swift",183,0
"748","Chimney Swift",184,0
"749","Chimney Swift",185,0
"750","Chimney Swift",186,0
"751","Chimney Swift",187,0
"752","Chimney Swift",188,0
"753","Chimney Swift",189,0
"754","Chimney Swift",190,0
"755","Chimney Swift",191,0
"756","Chimney Swift",192,0
"757","Chimney Swift",193,0
"758","Chimney Swift",194,0
"759","Chimney Swift",195,0
"760","Chimney Swift",196,0
"761","Chimney Swift",197,0
"762","Chimney Swift",198,0
"763","Chimney Swift",199,0
"764","Chimney Swift",200,0
"765","Chimney Swift",201,0
"766","Chipping Sparrow",151,0
"767","Chipping Sparrow",152,0
"768","Chipping Sparrow",153,0
"769","Chipping Sparrow",154,0
"770","Chipping Sparrow",155,0
"771","Chipping Sparrow",156,0
"772","Chipping Sparrow",157,0
"773","Chipping Sparrow",158,0
"774","Chipping Sparrow",159,0
"775","Chipping Sparrow",160,0
"776","Chipping Sparrow",161,0
"777","Chipping Sparrow",162,0
"778","Chipping Sparrow",163,0
"779","Chipping Sparrow",164,0
"780","Chipping Sparrow",165,0
"781","Chipping Sparrow",166,0
"782","Chipping Sparrow",167,0
"783","Chipping Sparrow",168,0
"784","Chipping Sparrow",169,0
"785","Chipping Sparrow",170,0
"786","Chipping Sparrow",171,0
"787","Chipping Sparrow",172,0
"788","Chipping Sparrow",173,0
"789","Chipping Sparrow",174,0
"790","Chipping Sparrow",175,0
"791","Chipping Sparrow",176,0
"792","Chipping Sparrow",177,0
"793","Chipping Sparrow",178,0
"794","Chipping Sparrow",179,0
"795","Chipping Sparrow",180,0
"796","Chipping Sparrow",181,0
"797","Chipping Sparrow",182,0
"798","Chipping Sparrow",183,0
"799","Chipping Sparrow",184,0
"800","Chipping Sparrow",185,2
"801","Chipping Sparrow",186,0
"802","Chipping Sparrow",187,0
"803","Chipping Sparrow",188,2
"804","Chipping Sparrow",189,0
"805","Chipping Sparrow",190,0
"806","Chipping Sparrow",191,0
"807","Chipping Sparrow",192,0
"808","Chipping Sparrow",193,0
"809","Chipping Sparrow",194,0
"810","Chipping Sparrow",195,0
"811","Chipping Sparrow",196,0
"812","Chipping Sparrow",197,1
"813","Chipping Sparrow",198,0
"814","Chipping Sparrow",199,0
"815","Chipping Sparrow",200,0
"816","Chipping Sparrow",201,0
"817","Common Grackle",151,0
"818","Common Grackle",152,0
"819","Common Grackle",153,0
"820","Common Grackle",154,0
"821","Common Grackle",155,0
"822","Common Grackle",156,0
"823","Common Grackle",157,0
"824","Common Grackle",158,0
"825","Common Grackle",159,0
"826","Common Grackle",160,0
"827","Common Grackle",161,0
"828","Common Grackle",162,0
"829","Common Grackle",163,0
"830","Common Grackle",164,0
"831","Common Grackle",165,0
"832","Common Grackle",166,0
"833","Common Grackle",167,0
"834","Common Grackle",168,0
"835","Common Grackle",169,0
"836","Common Grackle",170,0
"837","Common Grackle",171,0
"838","Common Grackle",172,0
"839","Common Grackle",173,0
"840","Common Grackle",174,0
"841","Common Grackle",175,0
"842","Common Grackle",176,0
"843","Common Grackle",177,0
"844","Common Grackle",178,0
"845","Common Grackle",179,0
"846","Common Grackle",180,0
"847","Common Grackle",181,0
"848","Common Grackle",182,0
"849","Common Grackle",183,0
"850","Common Grackle",184,0
"851","Common Grackle",185,0
"852","Common Grackle",186,0
"853","Common Grackle",187,0
"854","Common Grackle",188,0
"855","Common Grackle",189,0
"856","Common Grackle",190,0
"857","Common Grackle",191,0
"858","Common Grackle",192,0
"859","Common Grackle",193,0
"860","Common Grackle",194,0
"861","Common Grackle",195,0
"862","Common Grackle",196,0
"863","Common Grackle",197,0
"864","Common Grackle",198,0
"865","Common Grackle",199,0
"866","Common Grackle",200,0
"867","Common Grackle",201,0
"868","Common Yellowthroat",151,0
"869","Common Yellowthroat",152,0
"870","Common Yellowthroat",153,0
"871","Common Yellowthroat",154,0
"872","Common Yellowthroat",155,0
"873","Common Yellowthroat",156,0
"874","Common Yellowthroat",157,0
"875","Common Yellowthroat",158,0
"876","Common Yellowthroat",159,0
"877","Common Yellowthroat",160,0
"878","Common Yellowthroat",161,0
"879","Common Yellowthroat",162,0
"880","Common Yellowthroat",163,0
"881","Common Yellowthroat",164,0
"882","Common Yellowthroat",165,0
"883","Common Yellowthroat",166,0
"884","Common Yellowthroat",167,0
"885","Common Yellowthroat",168,1
"886","Common Yellowthroat",169,0
"887","Common Yellowthroat",170,0
"888","Common Yellowthroat",171,1
"889","Common Yellowthroat",172,0
"890","Common Yellowthroat",173,0
"891","Common Yellowthroat",174,0
"892","Common Yellowthroat",175,0
"893","Common Yellowthroat",176,0
"894","Common Yellowthroat",177,0
"895","Common Yellowthroat",178,0
"896","Common Yellowthroat",179,0
"897","Common Yellowthroat",180,0
"898","Common Yellowthroat",181,0
"899","Common Yellowthroat",182,0
"900","Common Yellowthroat",183,0
"901","Common Yellowthroat",184,0
"902","Common Yellowthroat",185,0
"903","Common Yellowthroat",186,1
"904","Common Yellowthroat",187,0
"905","Common Yellowthroat",188,0
"906","Common Yellowthroat",189,0
"907","Common Yellowthroat",190,0
"908","Common Yellowthroat",191,0
"909","Common Yellowthroat",192,0
"910","Common Yellowthroat",193,0
"911","Common Yellowthroat",194,0
"912","Common Yellowthroat",195,0
"913","Common Yellowthroat",196,0
"914","Common Yellowthroat",197,0
"915","Common Yellowthroat",198,0
"916","Common Yellowthroat",199,0
"917","Common Yellowthroat",200,0
"918","Common Yellowthroat",201,0
"919","Downy Woodpecker",151,0
"920","Downy Woodpecker",152,1
"921","Downy Woodpecker",153,0
"922","Downy Woodpecker",154,0
"923","Downy Woodpecker",155,0
"924","Downy Woodpecker",156,0
"925","Downy Woodpecker",157,13
"926","Downy Woodpecker",158,1
"927","Downy Woodpecker",159,0
"928","Downy Woodpecker",160,0
"929","Downy Woodpecker",161,1
"930","Downy Woodpecker",162,0
"931","Downy Woodpecker",163,0
"932","Downy Woodpecker",164,0
"933","Downy Woodpecker",165,0
"934","Downy Woodpecker",166,0
"935","Downy Woodpecker",167,0
"936","Downy Woodpecker",168,0
"937","Downy Woodpecker",169,2
"938","Downy Woodpecker",170,4
"939","Downy Woodpecker",171,0
"940","Downy Woodpecker",172,1
"941","Downy Woodpecker",173,1
"942","Downy Woodpecker",174,0
"943","Downy Woodpecker",175,2
"944","Downy Woodpecker",176,0
"945","Downy Woodpecker",177,0
"946","Downy Woodpecker",178,0
"947","Downy Woodpecker",179,0
"948","Downy Woodpecker",180,0
"949","Downy Woodpecker",181,0
"950","Downy Woodpecker",182,0
"951","Downy Woodpecker",183,0
"952","Downy Woodpecker",184,0
"953","Downy Woodpecker",185,0
"954","Downy Woodpecker",186,0
"955","Downy Woodpecker",187,0
"956","Downy Woodpecker",188,1
"957","Downy Woodpecker",189,2
"958","Downy Woodpecker",190,0
"959","Downy Woodpecker",191,0
"960","Downy Woodpecker",192,1
"961","Downy Woodpecker",193,0
"962","Downy Woodpecker",194,1
"963","Downy Woodpecker",195,1
"964","Downy Woodpecker",196,7
"965","Downy Woodpecker",197,0
"966","Downy Woodpecker",198,0
"967","Downy Woodpecker",199,0
"968","Downy Woodpecker",200,0
"969","Downy Woodpecker",201,1
"970","Eastern Bluebird",151,0
"971","Eastern Bluebird",152,0
"972","Eastern Bluebird",153,0
"973","Eastern Bluebird",154,0
"974","Eastern Bluebird",155,0
"975","Eastern Bluebird",156,0
"976","Eastern Bluebird",157,2
"977","Eastern Bluebird",158,2
"978","Eastern Bluebird",159,0
"979","Eastern Bluebird",160,0
"980","Eastern Bluebird",161,2
"981","Eastern Bluebird",162,1
"982","Eastern Bluebird",163,0
"983","Eastern Bluebird",164,0
"984","Eastern Bluebird",165,0
"985","Eastern Bluebird",166,1
"986","Eastern Bluebird",167,0
"987","Eastern Bluebird",168,0
"988","Eastern Bluebird",169,1
"989","Eastern Bluebird",170,2
"990","Eastern Bluebird",171,1
"991","Eastern Bluebird",172,2
"992","Eastern Bluebird",173,1
"993","Eastern Bluebird",174,0
"994","Eastern Bluebird",175,0
"995","Eastern Bluebird",176,0
"996","Eastern Bluebird",177,1
"997","Eastern Bluebird",178,0
"998","Eastern Bluebird",179,0
"999","Eastern Bluebird",180,0
"1000","Eastern Bluebird",181,0
"1001","Eastern Bluebird",182,1
"1002","Eastern Bluebird",183,0
"1003","Eastern Bluebird",184,0
"1004","Eastern Bluebird",185,0
"1005","Eastern Bluebird",186,0
"1006","Eastern Bluebird",187,3
"1007","Eastern Bluebird",188,0
"1008","Eastern Bluebird",189,0
"1009","Eastern Bluebird",190,4
"1010","Eastern Bluebird",191,1
"1011","Eastern Bluebird",192,0
"1012","Eastern Bluebird",193,0
"1013","Eastern Bluebird",194,0
"1014","Eastern Bluebird",195,0
"1015","Eastern Bluebird",196,0
"1016","Eastern Bluebird",197,0
"1017","Eastern Bluebird",198,0
"1018","Eastern Bluebird",199,0
"1019","Eastern Bluebird",200,0
"1020","Eastern Bluebird",201,1
"1021","Eastern Kingbird",151,0
"1022","Eastern Kingbird",152,0
"1023","Eastern Kingbird",153,0
"1024","Eastern Kingbird",154,0
"1025","Eastern Kingbird",155,0
"1026","Eastern Kingbird",156,0
"1027","Eastern Kingbird",157,0
"1028","Eastern Kingbird",158,0
"1029","Eastern Kingbird",159,0
"1030","Eastern Kingbird",160,0
"1031","Eastern Kingbird",161,0
"1032","Eastern Kingbird",162,0
"1033","Eastern Kingbird",163,0
"1034","Eastern Kingbird",164,0
"1035","Eastern Kingbird",165,0
"1036","Eastern Kingbird",166,0
"1037","Eastern Kingbird",167,0
"1038","Eastern Kingbird",168,0
"1039","Eastern Kingbird",169,0
"1040","Eastern Kingbird",170,0
"1041","Eastern Kingbird",171,0
"1042","Eastern Kingbird",172,0
"1043","Eastern Kingbird",173,0
"1044","Eastern Kingbird",174,0
"1045","Eastern Kingbird",175,0
"1046","Eastern Kingbird",176,0
"1047","Eastern Kingbird",177,0
"1048","Eastern Kingbird",178,0
"1049","Eastern Kingbird",179,0
"1050","Eastern Kingbird",180,0
"1051","Eastern Kingbird",181,0
"1052","Eastern Kingbird",182,0
"1053","Eastern Kingbird",183,0
"1054","Eastern Kingbird",184,0
"1055","Eastern Kingbird",185,0
"1056","Eastern Kingbird",186,0
"1057","Eastern Kingbird",187,0
"1058","Eastern Kingbird",188,0
"1059","Eastern Kingbird",189,0
"1060","Eastern Kingbird",190,0
"1061","Eastern Kingbird",191,0
"1062","Eastern Kingbird",192,0
"1063","Eastern Kingbird",193,0
"1064","Eastern Kingbird",194,0
"1065","Eastern Kingbird",195,0
"1066","Eastern Kingbird",196,0
"1067","Eastern Kingbird",197,0
"1068","Eastern Kingbird",198,0
"1069","Eastern Kingbird",199,0
"1070","Eastern Kingbird",200,0
"1071","Eastern Kingbird",201,0
"1072","Eastern Phoebe",151,0
"1073","Eastern Phoebe",152,0
"1074","Eastern Phoebe",153,0
"1075","Eastern Phoebe",154,0
"1076","Eastern Phoebe",155,0
"1077","Eastern Phoebe",156,0
"1078","Eastern Phoebe",157,0
"1079","Eastern Phoebe",158,0
"1080","Eastern Phoebe",159,0
"1081","Eastern Phoebe",160,0
"1082","Eastern Phoebe",161,0
"1083","Eastern Phoebe",162,0
"1084","Eastern Phoebe",163,1
"1085","Eastern Phoebe",164,0
"1086","Eastern Phoebe",165,0
"1087","Eastern Phoebe",166,0
"1088","Eastern Phoebe",167,0
"1089","Eastern Phoebe",168,2
"1090","Eastern Phoebe",169,1
"1091","Eastern Phoebe",170,1
"1092","Eastern Phoebe",171,0
"1093","Eastern Phoebe",172,0
"1094","Eastern Phoebe",173,0
"1095","Eastern Phoebe",174,0
"1096","Eastern Phoebe",175,0
"1097","Eastern Phoebe",176,0
"1098","Eastern Phoebe",177,0
"1099","Eastern Phoebe",178,0
"1100","Eastern Phoebe",179,0
"1101","Eastern Phoebe",180,0
"1102","Eastern Phoebe",181,0
"1103","Eastern Phoebe",182,0
"1104","Eastern Phoebe",183,0
"1105","Eastern Phoebe",184,0
"1106","Eastern Phoebe",185,0
"1107","Eastern Phoebe",186,0
"1108","Eastern Phoebe",187,0
"1109","Eastern Phoebe",188,0
"1110","Eastern Phoebe",189,0
"1111","Eastern Phoebe",190,0
"1112","Eastern Phoebe",191,0
"1113","Eastern Phoebe",192,1
"1114","Eastern Phoebe",193,0
"1115","Eastern Phoebe",194,0
"1116","Eastern Phoebe",195,0
"1117","Eastern Phoebe",196,0
"1118","Eastern Phoebe",197,0
"1119","Eastern Phoebe",198,0
"1120","Eastern Phoebe",199,0
"1121","Eastern Phoebe",200,2
"1122","Eastern Phoebe",201,0
"1123","Eastern Towhee",151,8
"1124","Eastern Towhee",152,8
"1125","Eastern Towhee",153,0
"1126","Eastern Towhee",154,0
"1127","Eastern Towhee",155,15
"1128","Eastern Towhee",156,24
"1129","Eastern Towhee",157,61
"1130","Eastern Towhee",158,53
"1131","Eastern Towhee",159,0
"1132","Eastern Towhee",160,0
"1133","Eastern Towhee",161,23
"1134","Eastern Towhee",162,2
"1135","Eastern Towhee",163,0
"1136","Eastern Towhee",164,0
"1137","Eastern Towhee",165,180
"1138","Eastern Towhee",166,14
"1139","Eastern Towhee",167,1
"1140","Eastern Towhee",168,6
"1141","Eastern Towhee",169,0
"1142","Eastern Towhee",170,81
"1143","Eastern Towhee",171,41
"1144","Eastern Towhee",172,0
"1145","Eastern Towhee",173,3
"1146","Eastern Towhee",174,0
"1147","Eastern Towhee",175,0
"1148","Eastern Towhee",176,0
"1149","Eastern Towhee",177,0
"1150","Eastern Towhee",178,1
"1151","Eastern Towhee",179,0
"1152","Eastern Towhee",180,0
"1153","Eastern Towhee",181,0
"1154","Eastern Towhee",182,0
"1155","Eastern Towhee",183,0
"1156","Eastern Towhee",184,4
"1157","Eastern Towhee",185,5
"1158","Eastern Towhee",186,21
"1159","Eastern Towhee",187,3
"1160","Eastern Towhee",188,12
"1161","Eastern Towhee",189,34
"1162","Eastern Towhee",190,27
"1163","Eastern Towhee",191,1
"1164","Eastern Towhee",192,1
"1165","Eastern Towhee",193,4
"1166","Eastern Towhee",194,70
"1167","Eastern Towhee",195,23
"1168","Eastern Towhee",196,102
"1169","Eastern Towhee",197,24
"1170","Eastern Towhee",198,3
"1171","Eastern Towhee",199,24
"1172","Eastern Towhee",200,78
"1173","Eastern Towhee",201,15
"1174","Eastern Wood-Pewee",151,6
"1175","Eastern Wood-Pewee",152,1
"1176","Eastern Wood-Pewee",153,60
"1177","Eastern Wood-Pewee",154,64
"1178","Eastern Wood-Pewee",155,1
"1179","Eastern Wood-Pewee",156,12
"1180","Eastern Wood-Pewee",157,4
"1181","Eastern Wood-Pewee",158,0
"1182","Eastern Wood-Pewee",159,36
"1183","Eastern Wood-Pewee",160,63
"1184","Eastern Wood-Pewee",161,0
"1185","Eastern Wood-Pewee",162,0
"1186","Eastern Wood-Pewee",163,72
"1187","Eastern Wood-Pewee",164,18
"1188","Eastern Wood-Pewee",165,360
"1189","Eastern Wood-Pewee",166,190
"1190","Eastern Wood-Pewee",167,284
"1191","Eastern Wood-Pewee",168,318
"1192","Eastern Wood-Pewee",169,67
"1193","Eastern Wood-Pewee",170,176
"1194","Eastern Wood-Pewee",171,131
"1195","Eastern Wood-Pewee",172,0
"1196","Eastern Wood-Pewee",173,3
"1197","Eastern Wood-Pewee",174,6
"1198","Eastern Wood-Pewee",175,4
"1199","Eastern Wood-Pewee",176,2
"1200","Eastern Wood-Pewee",177,1
"1201","Eastern Wood-Pewee",178,31
"1202","Eastern Wood-Pewee",179,1
"1203","Eastern Wood-Pewee",180,2
"1204","Eastern Wood-Pewee",181,23
"1205","Eastern Wood-Pewee",182,40
"1206","Eastern Wood-Pewee",183,23
"1207","Eastern Wood-Pewee",184,46
"1208","Eastern Wood-Pewee",185,70
"1209","Eastern Wood-Pewee",186,70
"1210","Eastern Wood-Pewee",187,27
"1211","Eastern Wood-Pewee",188,15
"1212","Eastern Wood-Pewee",189,42
"1213","Eastern Wood-Pewee",190,6
"1214","Eastern Wood-Pewee",191,0
"1215","Eastern Wood-Pewee",192,11
"1216","Eastern Wood-Pewee",193,5
"1217","Eastern Wood-Pewee",194,4
"1218","Eastern Wood-Pewee",195,2
"1219","Eastern Wood-Pewee",196,0
"1220","Eastern Wood-Pewee",197,36
"1221","Eastern Wood-Pewee",198,1
"1222","Eastern Wood-Pewee",199,4
"1223","Eastern Wood-Pewee",200,10
"1224","Eastern Wood-Pewee",201,2
"1225","European Starling",151,0
"1226","European Starling",152,0
"1227","European Starling",153,0
"1228","European Starling",154,0
"1229","European Starling",155,0
"1230","European Starling",156,0
"1231","European Starling",157,0
"1232","European Starling",158,0
"1233","European Starling",159,0
"1234","European Starling",160,0
"1235","European Starling",161,0
"1236","European Starling",162,0
"1237","European Starling",163,0
"1238","European Starling",164,0
"1239","European Starling",165,0
"1240","European Starling",166,0
"1241","European Starling",167,0
"1242","European Starling",168,0
"1243","European Starling",169,0
"1244","European Starling",170,0
"1245","European Starling",171,0
"1246","European Starling",172,0
"1247","European Starling",173,0
"1248","European Starling",174,0
"1249","European Starling",175,0
"1250","European Starling",176,0
"1251","European Starling",177,0
"1252","European Starling",178,0
"1253","European Starling",179,0
"1254","European Starling",180,0
"1255","European Starling",181,0
"1256","European Starling",182,0
"1257","European Starling",183,0
"1258","European Starling",184,0
"1259","European Starling",185,0
"1260","European Starling",186,0
"1261","European Starling",187,0
"1262","European Starling",188,0
"1263","European Starling",189,0
"1264","European Starling",190,0
"1265","European Starling",191,0
"1266","European Starling",192,0
"1267","European Starling",193,0
"1268","European Starling",194,0
"1269","European Starling",195,0
"1270","European Starling",196,0
"1271","European Starling",197,0
"1272","European Starling",198,0
"1273","European Starling",199,0
"1274","European Starling",200,0
"1275","European Starling",201,0
"1276","Fish Crow",151,0
"1277","Fish Crow",152,0
"1278","Fish Crow",153,0
"1279","Fish Crow",154,0
"1280","Fish Crow",155,0
"1281","Fish Crow",156,0
"1282","Fish Crow",157,0
"1283","Fish Crow",158,0
"1284","Fish Crow",159,0
"1285","Fish Crow",160,0
"1286","Fish Crow",161,0
"1287","Fish Crow",162,0
"1288","Fish Crow",163,0
"1289","Fish Crow",164,1
"1290","Fish Crow",165,0
"1291","Fish Crow",166,0
"1292","Fish Crow",167,0
"1293","Fish Crow",168,0
"1294","Fish Crow",169,0
"1295","Fish Crow",170,0
"1296","Fish Crow",171,0
"1297","Fish Crow",172,0
"1298","Fish Crow",173,0
"1299","Fish Crow",174,0
"1300","Fish Crow",175,0
"1301","Fish Crow",176,0
"1302","Fish Crow",177,1
"1303","Fish Crow",178,0
"1304","Fish Crow",179,0
"1305","Fish Crow",180,0
"1306","Fish Crow",181,0
"1307","Fish Crow",182,0
"1308","Fish Crow",183,0
"1309","Fish Crow",184,0
"1310","Fish Crow",185,0
"1311","Fish Crow",186,1
"1312","Fish Crow",187,0
"1313","Fish Crow",188,1
"1314","Fish Crow",189,0
"1315","Fish Crow",190,0
"1316","Fish Crow",191,0
"1317","Fish Crow",192,0
"1318","Fish Crow",193,0
"1319","Fish Crow",194,0
"1320","Fish Crow",195,0
"1321","Fish Crow",196,1
"1322","Fish Crow",197,0
"1323","Fish Crow",198,0
"1324","Fish Crow",199,1
"1325","Fish Crow",200,0
"1326","Fish Crow",201,0
"1327","Great Blue Heron",151,0
"1328","Great Blue Heron",152,3
"1329","Great Blue Heron",153,0
"1330","Great Blue Heron",154,1
"1331","Great Blue Heron",155,0
"1332","Great Blue Heron",156,0
"1333","Great Blue Heron",157,0
"1334","Great Blue Heron",158,0
"1335","Great Blue Heron",159,0
"1336","Great Blue Heron",160,0
"1337","Great Blue Heron",161,0
"1338","Great Blue Heron",162,0
"1339","Great Blue Heron",163,0
"1340","Great Blue Heron",164,2
"1341","Great Blue Heron",165,0
"1342","Great Blue Heron",166,0
"1343","Great Blue Heron",167,0
"1344","Great Blue Heron",168,4
"1345","Great Blue Heron",169,0
"1346","Great Blue Heron",170,0
"1347","Great Blue Heron",171,0
"1348","Great Blue Heron",172,0
"1349","Great Blue Heron",173,0
"1350","Great Blue Heron",174,0
"1351","Great Blue Heron",175,1
"1352","Great Blue Heron",176,3
"1353","Great Blue Heron",177,0
"1354","Great Blue Heron",178,0
"1355","Great Blue Heron",179,3
"1356","Great Blue Heron",180,0
"1357","Great Blue Heron",181,0
"1358","Great Blue Heron",182,10
"1359","Great Blue Heron",183,1
"1360","Great Blue Heron",184,0
"1361","Great Blue Heron",185,0
"1362","Great Blue Heron",186,0
"1363","Great Blue Heron",187,0
"1364","Great Blue Heron",188,0
"1365","Great Blue Heron",189,0
"1366","Great Blue Heron",190,1
"1367","Great Blue Heron",191,0
"1368","Great Blue Heron",192,0
"1369","Great Blue Heron",193,0
"1370","Great Blue Heron",194,0
"1371","Great Blue Heron",195,0
"1372","Great Blue Heron",196,0
"1373","Great Blue Heron",197,0
"1374","Great Blue Heron",198,0
"1375","Great Blue Heron",199,0
"1376","Great Blue Heron",200,0
"1377","Great Blue Heron",201,0
"1378","Great Crested Flycatcher",151,1
"1379","Great Crested Flycatcher",152,0
"1380","Great Crested Flycatcher",153,0
"1381","Great Crested Flycatcher",154,3
"1382","Great Crested Flycatcher",155,1
"1383","Great Crested Flycatcher",156,7
"1384","Great Crested Flycatcher",157,0
"1385","Great Crested Flycatcher",158,1
"1386","Great Crested Flycatcher",159,6
"1387","Great Crested Flycatcher",160,11
"1388","Great Crested Flycatcher",161,0
"1389","Great Crested Flycatcher",162,0
"1390","Great Crested Flycatcher",163,11
"1391","Great Crested Flycatcher",164,10
"1392","Great Crested Flycatcher",165,0
"1393","Great Crested Flycatcher",166,0
"1394","Great Crested Flycatcher",167,0
"1395","Great Crested Flycatcher",168,2
"1396","Great Crested Flycatcher",169,2
"1397","Great Crested Flycatcher",170,1
"1398","Great Crested Flycatcher",171,3
"1399","Great Crested Flycatcher",172,1
"1400","Great Crested Flycatcher",173,1
"1401","Great Crested Flycatcher",174,4
"1402","Great Crested Flycatcher",175,1
"1403","Great Crested Flycatcher",176,1
"1404","Great Crested Flycatcher",177,2
"1405","Great Crested Flycatcher",178,8
"1406","Great Crested Flycatcher",179,0
"1407","Great Crested Flycatcher",180,0
"1408","Great Crested Flycatcher",181,1
"1409","Great Crested Flycatcher",182,2
"1410","Great Crested Flycatcher",183,0
"1411","Great Crested Flycatcher",184,0
"1412","Great Crested Flycatcher",185,0
"1413","Great Crested Flycatcher",186,0
"1414","Great Crested Flycatcher",187,0
"1415","Great Crested Flycatcher",188,12
"1416","Great Crested Flycatcher",189,0
"1417","Great Crested Flycatcher",190,0
"1418","Great Crested Flycatcher",191,0
"1419","Great Crested Flycatcher",192,1
"1420","Great Crested Flycatcher",193,1
"1421","Great Crested Flycatcher",194,0
"1422","Great Crested Flycatcher",195,0
"1423","Great Crested Flycatcher",196,1
"1424","Great Crested Flycatcher",197,6
"1425","Great Crested Flycatcher",198,0
"1426","Great Crested Flycatcher",199,1
"1427","Great Crested Flycatcher",200,0
"1428","Great Crested Flycatcher",201,0
"1429","Hairy Woodpecker",151,0
"1430","Hairy Woodpecker",152,0
"1431","Hairy Woodpecker",153,0
"1432","Hairy Woodpecker",154,0
"1433","Hairy Woodpecker",155,0
"1434","Hairy Woodpecker",156,0
"1435","Hairy Woodpecker",157,0
"1436","Hairy Woodpecker",158,0
"1437","Hairy Woodpecker",159,0
"1438","Hairy Woodpecker",160,1
"1439","Hairy Woodpecker",161,2
"1440","Hairy Woodpecker",162,0
"1441","Hairy Woodpecker",163,0
"1442","Hairy Woodpecker",164,0
"1443","Hairy Woodpecker",165,1
"1444","Hairy Woodpecker",166,0
"1445","Hairy Woodpecker",167,1
"1446","Hairy Woodpecker",168,0
"1447","Hairy Woodpecker",169,0
"1448","Hairy Woodpecker",170,0
"1449","Hairy Woodpecker",171,0
"1450","Hairy Woodpecker",172,0
"1451","Hairy Woodpecker",173,0
"1452","Hairy Woodpecker",174,0
"1453","Hairy Woodpecker",175,0
"1454","Hairy Woodpecker",176,0
"1455","Hairy Woodpecker",177,0
"1456","Hairy Woodpecker",178,0
"1457","Hairy Woodpecker",179,0
"1458","Hairy Woodpecker",180,0
"1459","Hairy Woodpecker",181,0
"1460","Hairy Woodpecker",182,0
"1461","Hairy Woodpecker",183,1
"1462","Hairy Woodpecker",184,0
"1463","Hairy Woodpecker",185,0
"1464","Hairy Woodpecker",186,0
"1465","Hairy Woodpecker",187,0
"1466","Hairy Woodpecker",188,6
"1467","Hairy Woodpecker",189,1
"1468","Hairy Woodpecker",190,1
"1469","Hairy Woodpecker",191,0
"1470","Hairy Woodpecker",192,0
"1471","Hairy Woodpecker",193,0
"1472","Hairy Woodpecker",194,0
"1473","Hairy Woodpecker",195,0
"1474","Hairy Woodpecker",196,0
"1475","Hairy Woodpecker",197,0
"1476","Hairy Woodpecker",198,1
"1477","Hairy Woodpecker",199,0
"1478","Hairy Woodpecker",200,0
"1479","Hairy Woodpecker",201,0
"1480","House Finch",151,0
"1481","House Finch",152,0
"1482","House Finch",153,0
"1483","House Finch",154,0
"1484","House Finch",155,1
"1485","House Finch",156,0
"1486","House Finch",157,0
"1487","House Finch",158,0
"1488","House Finch",159,0
"1489","House Finch",160,0
"1490","House Finch",161,0
"1491","House Finch",162,0
"1492","House Finch",163,0
"1493","House Finch",164,0
"1494","House Finch",165,0
"1495","House Finch",166,0
"1496","House Finch",167,0
"1497","House Finch",168,0
"1498","House Finch",169,0
"1499","House Finch",170,0
"1500","House Finch",171,0
"1501","House Finch",172,0
"1502","House Finch",173,0
"1503","House Finch",174,0
"1504","House Finch",175,0
"1505","House Finch",176,0
"1506","House Finch",177,0
"1507","House Finch",178,0
"1508","House Finch",179,0
"1509","House Finch",180,0
"1510","House Finch",181,0
"1511","House Finch",182,0
"1512","House Finch",183,0
"1513","House Finch",184,0
"1514","House Finch",185,0
"1515","House Finch",186,0
"1516","House Finch",187,0
"1517","House Finch",188,0
"1518","House Finch",189,0
"1519","House Finch",190,0
"1520","House Finch",191,0
"1521","House Finch",192,0
"1522","House Finch",193,0
"1523","House Finch",194,0
"1524","House Finch",195,0
"1525","House Finch",196,0
"1526","House Finch",197,0
"1527","House Finch",198,0
"1528","House Finch",199,0
"1529","House Finch",200,0
"1530","House Finch",201,0
"1531","Indigo Bunting",151,0
"1532","Indigo Bunting",152,0
"1533","Indigo Bunting",153,0
"1534","Indigo Bunting",154,0
"1535","Indigo Bunting",155,0
"1536","Indigo Bunting",156,0
"1537","Indigo Bunting",157,0
"1538","Indigo Bunting",158,0
"1539","Indigo Bunting",159,0
"1540","Indigo Bunting",160,0
"1541","Indigo Bunting",161,0
"1542","Indigo Bunting",162,0
"1543","Indigo Bunting",163,0
"1544","Indigo Bunting",164,0
"1545","Indigo Bunting",165,1
"1546","Indigo Bunting",166,0
"1547","Indigo Bunting",167,0
"1548","Indigo Bunting",168,0
"1549","Indigo Bunting",169,0
"1550","Indigo Bunting",170,0
"1551","Indigo Bunting",171,0
"1552","Indigo Bunting",172,0
"1553","Indigo Bunting",173,0
"1554","Indigo Bunting",174,0
"1555","Indigo Bunting",175,0
"1556","Indigo Bunting",176,0
"1557","Indigo Bunting",177,0
"1558","Indigo Bunting",178,0
"1559","Indigo Bunting",179,0
"1560","Indigo Bunting",180,0
"1561","Indigo Bunting",181,0
"1562","Indigo Bunting",182,0
"1563","Indigo Bunting",183,0
"1564","Indigo Bunting",184,1
"1565","Indigo Bunting",185,0
"1566","Indigo Bunting",186,0
"1567","Indigo Bunting",187,2
"1568","Indigo Bunting",188,0
"1569","Indigo Bunting",189,0
"1570","Indigo Bunting",190,0
"1571","Indigo Bunting",191,0
"1572","Indigo Bunting",192,0
"1573","Indigo Bunting",193,0
"1574","Indigo Bunting",194,0
"1575","Indigo Bunting",195,0
"1576","Indigo Bunting",196,0
"1577","Indigo Bunting",197,1
"1578","Indigo Bunting",198,0
"1579","Indigo Bunting",199,1
"1580","Indigo Bunting",200,0
"1581","Indigo Bunting",201,0
"1582","Mallard ",151,0
"1583","Mallard ",152,0
"1584","Mallard ",153,0
"1585","Mallard ",154,0
"1586","Mallard ",155,0
"1587","Mallard ",156,0
"1588","Mallard ",157,0
"1589","Mallard ",158,0
"1590","Mallard ",159,0
"1591","Mallard ",160,0
"1592","Mallard ",161,0
"1593","Mallard ",162,0
"1594","Mallard ",163,0
"1595","Mallard ",164,0
"1596","Mallard ",165,0
"1597","Mallard ",166,0
"1598","Mallard ",167,0
"1599","Mallard ",168,0
"1600","Mallard ",169,0
"1601","Mallard ",170,0
"1602","Mallard ",171,0
"1603","Mallard ",172,0
"1604","Mallard ",173,0
"1605","Mallard ",174,0
"1606","Mallard ",175,0
"1607","Mallard ",176,0
"1608","Mallard ",177,0
"1609","Mallard ",178,0
"1610","Mallard ",179,0
"1611","Mallard ",180,0
"1612","Mallard ",181,0
"1613","Mallard ",182,0
"1614","Mallard ",183,0
"1615","Mallard ",184,0
"1616","Mallard ",185,0
"1617","Mallard ",186,0
"1618","Mallard ",187,0
"1619","Mallard ",188,0
"1620","Mallard ",189,0
"1621","Mallard ",190,0
"1622","Mallard ",191,0
"1623","Mallard ",192,0
"1624","Mallard ",193,0
"1625","Mallard ",194,0
"1626","Mallard ",195,0
"1627","Mallard ",196,0
"1628","Mallard ",197,0
"1629","Mallard ",198,0
"1630","Mallard ",199,0
"1631","Mallard ",200,0
"1632","Mallard ",201,0
"1633","Mourning Dove",151,0
"1634","Mourning Dove",152,0
"1635","Mourning Dove",153,0
"1636","Mourning Dove",154,0
"1637","Mourning Dove",155,0
"1638","Mourning Dove",156,0
"1639","Mourning Dove",157,0
"1640","Mourning Dove",158,0
"1641","Mourning Dove",159,0
"1642","Mourning Dove",160,0
"1643","Mourning Dove",161,0
"1644","Mourning Dove",162,0
"1645","Mourning Dove",163,0
"1646","Mourning Dove",164,0
"1647","Mourning Dove",165,0
"1648","Mourning Dove",166,0
"1649","Mourning Dove",167,0
"1650","Mourning Dove",168,0
"1651","Mourning Dove",169,1
"1652","Mourning Dove",170,0
"1653","Mourning Dove",171,0
"1654","Mourning Dove",172,0
"1655","Mourning Dove",173,0
"1656","Mourning Dove",174,0
"1657","Mourning Dove",175,0
"1658","Mourning Dove",176,0
"1659","Mourning Dove",177,0
"1660","Mourning Dove",178,0
"1661","Mourning Dove",179,0
"1662","Mourning Dove",180,0
"1663","Mourning Dove",181,0
"1664","Mourning Dove",182,0
"1665","Mourning Dove",183,0
"1666","Mourning Dove",184,0
"1667","Mourning Dove",185,0
"1668","Mourning Dove",186,1
"1669","Mourning Dove",187,0
"1670","Mourning Dove",188,0
"1671","Mourning Dove",189,0
"1672","Mourning Dove",190,0
"1673","Mourning Dove",191,0
"1674","Mourning Dove",192,1
"1675","Mourning Dove",193,0
"1676","Mourning Dove",194,0
"1677","Mourning Dove",195,0
"1678","Mourning Dove",196,0
"1679","Mourning Dove",197,0
"1680","Mourning Dove",198,0
"1681","Mourning Dove",199,0
"1682","Mourning Dove",200,0
"1683","Mourning Dove",201,0
"1684","Northern Cardinal",151,1
"1685","Northern Cardinal",152,1
"1686","Northern Cardinal",153,0
"1687","Northern Cardinal",154,0
"1688","Northern Cardinal",155,4
"1689","Northern Cardinal",156,5
"1690","Northern Cardinal",157,1
"1691","Northern Cardinal",158,3
"1692","Northern Cardinal",159,0
"1693","Northern Cardinal",160,0
"1694","Northern Cardinal",161,2
"1695","Northern Cardinal",162,0
"1696","Northern Cardinal",163,0
"1697","Northern Cardinal",164,0
"1698","Northern Cardinal",165,1
"1699","Northern Cardinal",166,0
"1700","Northern Cardinal",167,0
"1701","Northern Cardinal",168,0
"1702","Northern Cardinal",169,0
"1703","Northern Cardinal",170,15
"1704","Northern Cardinal",171,13
"1705","Northern Cardinal",172,0
"1706","Northern Cardinal",173,0
"1707","Northern Cardinal",174,0
"1708","Northern Cardinal",175,0
"1709","Northern Cardinal",176,0
"1710","Northern Cardinal",177,0
"1711","Northern Cardinal",178,0
"1712","Northern Cardinal",179,0
"1713","Northern Cardinal",180,0
"1714","Northern Cardinal",181,0
"1715","Northern Cardinal",182,0
"1716","Northern Cardinal",183,0
"1717","Northern Cardinal",184,0
"1718","Northern Cardinal",185,0
"1719","Northern Cardinal",186,0
"1720","Northern Cardinal",187,0
"1721","Northern Cardinal",188,0
"1722","Northern Cardinal",189,0
"1723","Northern Cardinal",190,0
"1724","Northern Cardinal",191,0
"1725","Northern Cardinal",192,10
"1726","Northern Cardinal",193,0
"1727","Northern Cardinal",194,0
"1728","Northern Cardinal",195,1
"1729","Northern Cardinal",196,1
"1730","Northern Cardinal",197,0
"1731","Northern Cardinal",198,0
"1732","Northern Cardinal",199,0
"1733","Northern Cardinal",200,0
"1734","Northern Cardinal",201,0
"1735","Northern Flicker",151,0
"1736","Northern Flicker",152,0
"1737","Northern Flicker",153,0
"1738","Northern Flicker",154,0
"1739","Northern Flicker",155,0
"1740","Northern Flicker",156,0
"1741","Northern Flicker",157,0
"1742","Northern Flicker",158,4
"1743","Northern Flicker",159,0
"1744","Northern Flicker",160,0
"1745","Northern Flicker",161,1
"1746","Northern Flicker",162,1
"1747","Northern Flicker",163,0
"1748","Northern Flicker",164,0
"1749","Northern Flicker",165,0
"1750","Northern Flicker",166,0
"1751","Northern Flicker",167,0
"1752","Northern Flicker",168,0
"1753","Northern Flicker",169,0
"1754","Northern Flicker",170,0
"1755","Northern Flicker",171,0
"1756","Northern Flicker",172,0
"1757","Northern Flicker",173,0
"1758","Northern Flicker",174,0
"1759","Northern Flicker",175,0
"1760","Northern Flicker",176,0
"1761","Northern Flicker",177,0
"1762","Northern Flicker",178,0
"1763","Northern Flicker",179,0
"1764","Northern Flicker",180,0
"1765","Northern Flicker",181,0
"1766","Northern Flicker",182,0
"1767","Northern Flicker",183,0
"1768","Northern Flicker",184,0
"1769","Northern Flicker",185,0
"1770","Northern Flicker",186,0
"1771","Northern Flicker",187,0
"1772","Northern Flicker",188,0
"1773","Northern Flicker",189,0
"1774","Northern Flicker",190,0
"1775","Northern Flicker",191,0
"1776","Northern Flicker",192,0
"1777","Northern Flicker",193,0
"1778","Northern Flicker",194,0
"1779","Northern Flicker",195,0
"1780","Northern Flicker",196,0
"1781","Northern Flicker",197,0
"1782","Northern Flicker",198,0
"1783","Northern Flicker",199,0
"1784","Northern Flicker",200,2
"1785","Northern Flicker",201,0
"1786","Northern Mockingbird",151,0
"1787","Northern Mockingbird",152,0
"1788","Northern Mockingbird",153,0
"1789","Northern Mockingbird",154,0
"1790","Northern Mockingbird",155,0
"1791","Northern Mockingbird",156,0
"1792","Northern Mockingbird",157,0
"1793","Northern Mockingbird",158,0
"1794","Northern Mockingbird",159,0
"1795","Northern Mockingbird",160,0
"1796","Northern Mockingbird",161,0
"1797","Northern Mockingbird",162,0
"1798","Northern Mockingbird",163,0
"1799","Northern Mockingbird",164,0
"1800","Northern Mockingbird",165,0
"1801","Northern Mockingbird",166,0
"1802","Northern Mockingbird",167,0
"1803","Northern Mockingbird",168,0
"1804","Northern Mockingbird",169,0
"1805","Northern Mockingbird",170,0
"1806","Northern Mockingbird",171,0
"1807","Northern Mockingbird",172,0
"1808","Northern Mockingbird",173,0
"1809","Northern Mockingbird",174,0
"1810","Northern Mockingbird",175,0
"1811","Northern Mockingbird",176,0
"1812","Northern Mockingbird",177,0
"1813","Northern Mockingbird",178,0
"1814","Northern Mockingbird",179,0
"1815","Northern Mockingbird",180,0
"1816","Northern Mockingbird",181,0
"1817","Northern Mockingbird",182,0
"1818","Northern Mockingbird",183,0
"1819","Northern Mockingbird",184,0
"1820","Northern Mockingbird",185,0
"1821","Northern Mockingbird",186,0
"1822","Northern Mockingbird",187,0
"1823","Northern Mockingbird",188,0
"1824","Northern Mockingbird",189,0
"1825","Northern Mockingbird",190,0
"1826","Northern Mockingbird",191,0
"1827","Northern Mockingbird",192,0
"1828","Northern Mockingbird",193,0
"1829","Northern Mockingbird",194,0
"1830","Northern Mockingbird",195,0
"1831","Northern Mockingbird",196,0
"1832","Northern Mockingbird",197,0
"1833","Northern Mockingbird",198,0
"1834","Northern Mockingbird",199,0
"1835","Northern Mockingbird",200,0
"1836","Northern Mockingbird",201,0
"1837","Northern Parula",151,0
"1838","Northern Parula",152,1
"1839","Northern Parula",153,1
"1840","Northern Parula",154,0
"1841","Northern Parula",155,23
"1842","Northern Parula",156,6
"1843","Northern Parula",157,27
"1844","Northern Parula",158,13
"1845","Northern Parula",159,0
"1846","Northern Parula",160,1
"1847","Northern Parula",161,0
"1848","Northern Parula",162,0
"1849","Northern Parula",163,9
"1850","Northern Parula",164,0
"1851","Northern Parula",165,2
"1852","Northern Parula",166,0
"1853","Northern Parula",167,0
"1854","Northern Parula",168,1
"1855","Northern Parula",169,0
"1856","Northern Parula",170,1
"1857","Northern Parula",171,12
"1858","Northern Parula",172,2
"1859","Northern Parula",173,0
"1860","Northern Parula",174,0
"1861","Northern Parula",175,0
"1862","Northern Parula",176,10
"1863","Northern Parula",177,0
"1864","Northern Parula",178,8
"1865","Northern Parula",179,54
"1866","Northern Parula",180,0
"1867","Northern Parula",181,0
"1868","Northern Parula",182,0
"1869","Northern Parula",183,2
"1870","Northern Parula",184,1
"1871","Northern Parula",185,0
"1872","Northern Parula",186,1
"1873","Northern Parula",187,0
"1874","Northern Parula",188,0
"1875","Northern Parula",189,0
"1876","Northern Parula",190,1
"1877","Northern Parula",191,0
"1878","Northern Parula",192,2
"1879","Northern Parula",193,0
"1880","Northern Parula",194,0
"1881","Northern Parula",195,0
"1882","Northern Parula",196,0
"1883","Northern Parula",197,0
"1884","Northern Parula",198,0
"1885","Northern Parula",199,0
"1886","Northern Parula",200,0
"1887","Northern Parula",201,1
"1888","Ovenbird",151,0
"1889","Ovenbird",152,0
"1890","Ovenbird",153,0
"1891","Ovenbird",154,0
"1892","Ovenbird",155,0
"1893","Ovenbird",156,0
"1894","Ovenbird",157,0
"1895","Ovenbird",158,0
"1896","Ovenbird",159,0
"1897","Ovenbird",160,0
"1898","Ovenbird",161,0
"1899","Ovenbird",162,0
"1900","Ovenbird",163,0
"1901","Ovenbird",164,0
"1902","Ovenbird",165,0
"1903","Ovenbird",166,0
"1904","Ovenbird",167,0
"1905","Ovenbird",168,0
"1906","Ovenbird",169,0
"1907","Ovenbird",170,2
"1908","Ovenbird",171,0
"1909","Ovenbird",172,0
"1910","Ovenbird",173,1
"1911","Ovenbird",174,0
"1912","Ovenbird",175,0
"1913","Ovenbird",176,0
"1914","Ovenbird",177,0
"1915","Ovenbird",178,0
"1916","Ovenbird",179,0
"1917","Ovenbird",180,0
"1918","Ovenbird",181,0
"1919","Ovenbird",182,0
"1920","Ovenbird",183,0
"1921","Ovenbird",184,0
"1922","Ovenbird",185,0
"1923","Ovenbird",186,1
"1924","Ovenbird",187,0
"1925","Ovenbird",188,0
"1926","Ovenbird",189,0
"1927","Ovenbird",190,0
"1928","Ovenbird",191,0
"1929","Ovenbird",192,0
"1930","Ovenbird",193,0
"1931","Ovenbird",194,0
"1932","Ovenbird",195,1
"1933","Ovenbird",196,0
"1934","Ovenbird",197,0
"1935","Ovenbird",198,0
"1936","Ovenbird",199,0
"1937","Ovenbird",200,0
"1938","Ovenbird",201,0
"1939","Pileated Woodpecker",151,0
"1940","Pileated Woodpecker",152,0
"1941","Pileated Woodpecker",153,4
"1942","Pileated Woodpecker",154,0
"1943","Pileated Woodpecker",155,0
"1944","Pileated Woodpecker",156,2
"1945","Pileated Woodpecker",157,2
"1946","Pileated Woodpecker",158,15
"1947","Pileated Woodpecker",159,1
"1948","Pileated Woodpecker",160,3
"1949","Pileated Woodpecker",161,2
"1950","Pileated Woodpecker",162,2
"1951","Pileated Woodpecker",163,3
"1952","Pileated Woodpecker",164,2
"1953","Pileated Woodpecker",165,0
"1954","Pileated Woodpecker",166,0
"1955","Pileated Woodpecker",167,0
"1956","Pileated Woodpecker",168,10
"1957","Pileated Woodpecker",169,6
"1958","Pileated Woodpecker",170,0
"1959","Pileated Woodpecker",171,0
"1960","Pileated Woodpecker",172,2
"1961","Pileated Woodpecker",173,1
"1962","Pileated Woodpecker",174,2
"1963","Pileated Woodpecker",175,0
"1964","Pileated Woodpecker",176,2
"1965","Pileated Woodpecker",177,1
"1966","Pileated Woodpecker",178,0
"1967","Pileated Woodpecker",179,0
"1968","Pileated Woodpecker",180,0
"1969","Pileated Woodpecker",181,0
"1970","Pileated Woodpecker",182,0
"1971","Pileated Woodpecker",183,1
"1972","Pileated Woodpecker",184,0
"1973","Pileated Woodpecker",185,2
"1974","Pileated Woodpecker",186,2
"1975","Pileated Woodpecker",187,0
"1976","Pileated Woodpecker",188,0
"1977","Pileated Woodpecker",189,1
"1978","Pileated Woodpecker",190,0
"1979","Pileated Woodpecker",191,0
"1980","Pileated Woodpecker",192,2
"1981","Pileated Woodpecker",193,0
"1982","Pileated Woodpecker",194,0
"1983","Pileated Woodpecker",195,0
"1984","Pileated Woodpecker",196,7
"1985","Pileated Woodpecker",197,0
"1986","Pileated Woodpecker",198,2
"1987","Pileated Woodpecker",199,0
"1988","Pileated Woodpecker",200,3
"1989","Pileated Woodpecker",201,0
"1990","Pine Warbler",151,0
"1991","Pine Warbler",152,0
"1992","Pine Warbler",153,0
"1993","Pine Warbler",154,0
"1994","Pine Warbler",155,0
"1995","Pine Warbler",156,0
"1996","Pine Warbler",157,0
"1997","Pine Warbler",158,0
"1998","Pine Warbler",159,0
"1999","Pine Warbler",160,0
"2000","Pine Warbler",161,0
"2001","Pine Warbler",162,0
"2002","Pine Warbler",163,1
"2003","Pine Warbler",164,0
"2004","Pine Warbler",165,0
"2005","Pine Warbler",166,0
"2006","Pine Warbler",167,0
"2007","Pine Warbler",168,0
"2008","Pine Warbler",169,0
"2009","Pine Warbler",170,0
"2010","Pine Warbler",171,0
"2011","Pine Warbler",172,0
"2012","Pine Warbler",173,1
"2013","Pine Warbler",174,0
"2014","Pine Warbler",175,2
"2015","Pine Warbler",176,0
"2016","Pine Warbler",177,0
"2017","Pine Warbler",178,0
"2018","Pine Warbler",179,4
"2019","Pine Warbler",180,0
"2020","Pine Warbler",181,0
"2021","Pine Warbler",182,0
"2022","Pine Warbler",183,0
"2023","Pine Warbler",184,0
"2024","Pine Warbler",185,0
"2025","Pine Warbler",186,0
"2026","Pine Warbler",187,0
"2027","Pine Warbler",188,0
"2028","Pine Warbler",189,0
"2029","Pine Warbler",190,0
"2030","Pine Warbler",191,0
"2031","Pine Warbler",192,0
"2032","Pine Warbler",193,0
"2033","Pine Warbler",194,0
"2034","Pine Warbler",195,0
"2035","Pine Warbler",196,0
"2036","Pine Warbler",197,0
"2037","Pine Warbler",198,0
"2038","Pine Warbler",199,0
"2039","Pine Warbler",200,0
"2040","Pine Warbler",201,0
"2041","Prothonotary Warbler ",151,0
"2042","Prothonotary Warbler ",152,0
"2043","Prothonotary Warbler ",153,0
"2044","Prothonotary Warbler ",154,0
"2045","Prothonotary Warbler ",155,0
"2046","Prothonotary Warbler ",156,0
"2047","Prothonotary Warbler ",157,0
"2048","Prothonotary Warbler ",158,0
"2049","Prothonotary Warbler ",159,0
"2050","Prothonotary Warbler ",160,0
"2051","Prothonotary Warbler ",161,0
"2052","Prothonotary Warbler ",162,0
"2053","Prothonotary Warbler ",163,0
"2054","Prothonotary Warbler ",164,0
"2055","Prothonotary Warbler ",165,0
"2056","Prothonotary Warbler ",166,0
"2057","Prothonotary Warbler ",167,0
"2058","Prothonotary Warbler ",168,0
"2059","Prothonotary Warbler ",169,0
"2060","Prothonotary Warbler ",170,0
"2061","Prothonotary Warbler ",171,0
"2062","Prothonotary Warbler ",172,0
"2063","Prothonotary Warbler ",173,0
"2064","Prothonotary Warbler ",174,0
"2065","Prothonotary Warbler ",175,0
"2066","Prothonotary Warbler ",176,0
"2067","Prothonotary Warbler ",177,0
"2068","Prothonotary Warbler ",178,0
"2069","Prothonotary Warbler ",179,0
"2070","Prothonotary Warbler ",180,0
"2071","Prothonotary Warbler ",181,0
"2072","Prothonotary Warbler ",182,0
"2073","Prothonotary Warbler ",183,0
"2074","Prothonotary Warbler ",184,0
"2075","Prothonotary Warbler ",185,0
"2076","Prothonotary Warbler ",186,0
"2077","Prothonotary Warbler ",187,0
"2078","Prothonotary Warbler ",188,0
"2079","Prothonotary Warbler ",189,0
"2080","Prothonotary Warbler ",190,0
"2081","Prothonotary Warbler ",191,0
"2082","Prothonotary Warbler ",192,0
"2083","Prothonotary Warbler ",193,0
"2084","Prothonotary Warbler ",194,0
"2085","Prothonotary Warbler ",195,0
"2086","Prothonotary Warbler ",196,0
"2087","Prothonotary Warbler ",197,0
"2088","Prothonotary Warbler ",198,0
"2089","Prothonotary Warbler ",199,0
"2090","Prothonotary Warbler ",200,0
"2091","Prothonotary Warbler ",201,0
"2092","Red-bellied Woodpecker",151,2
"2093","Red-bellied Woodpecker",152,0
"2094","Red-bellied Woodpecker",153,3
"2095","Red-bellied Woodpecker",154,0
"2096","Red-bellied Woodpecker",155,9
"2097","Red-bellied Woodpecker",156,9
"2098","Red-bellied Woodpecker",157,19
"2099","Red-bellied Woodpecker",158,28
"2100","Red-bellied Woodpecker",159,4
"2101","Red-bellied Woodpecker",160,1
"2102","Red-bellied Woodpecker",161,1
"2103","Red-bellied Woodpecker",162,11
"2104","Red-bellied Woodpecker",163,0
"2105","Red-bellied Woodpecker",164,3
"2106","Red-bellied Woodpecker",165,2
"2107","Red-bellied Woodpecker",166,5
"2108","Red-bellied Woodpecker",167,3
"2109","Red-bellied Woodpecker",168,16
"2110","Red-bellied Woodpecker",169,0
"2111","Red-bellied Woodpecker",170,41
"2112","Red-bellied Woodpecker",171,0
"2113","Red-bellied Woodpecker",172,9
"2114","Red-bellied Woodpecker",173,13
"2115","Red-bellied Woodpecker",174,0
"2116","Red-bellied Woodpecker",175,8
"2117","Red-bellied Woodpecker",176,2
"2118","Red-bellied Woodpecker",177,57
"2119","Red-bellied Woodpecker",178,9
"2120","Red-bellied Woodpecker",179,0
"2121","Red-bellied Woodpecker",180,2
"2122","Red-bellied Woodpecker",181,7
"2123","Red-bellied Woodpecker",182,12
"2124","Red-bellied Woodpecker",183,2
"2125","Red-bellied Woodpecker",184,1
"2126","Red-bellied Woodpecker",185,2
"2127","Red-bellied Woodpecker",186,1
"2128","Red-bellied Woodpecker",187,7
"2129","Red-bellied Woodpecker",188,7
"2130","Red-bellied Woodpecker",189,5
"2131","Red-bellied Woodpecker",190,6
"2132","Red-bellied Woodpecker",191,0
"2133","Red-bellied Woodpecker",192,19
"2134","Red-bellied Woodpecker",193,6
"2135","Red-bellied Woodpecker",194,7
"2136","Red-bellied Woodpecker",195,0
"2137","Red-bellied Woodpecker",196,0
"2138","Red-bellied Woodpecker",197,1
"2139","Red-bellied Woodpecker",198,0
"2140","Red-bellied Woodpecker",199,0
"2141","Red-bellied Woodpecker",200,0
"2142","Red-bellied Woodpecker",201,3
"2143","Red-eyed Vireo",151,86
"2144","Red-eyed Vireo",152,58
"2145","Red-eyed Vireo",153,46
"2146","Red-eyed Vireo",154,15
"2147","Red-eyed Vireo",155,74
"2148","Red-eyed Vireo",156,67
"2149","Red-eyed Vireo",157,67
"2150","Red-eyed Vireo",158,6
"2151","Red-eyed Vireo",159,86
"2152","Red-eyed Vireo",160,18
"2153","Red-eyed Vireo",161,7
"2154","Red-eyed Vireo",162,10
"2155","Red-eyed Vireo",163,9
"2156","Red-eyed Vireo",164,1
"2157","Red-eyed Vireo",165,21
"2158","Red-eyed Vireo",166,15
"2159","Red-eyed Vireo",167,12
"2160","Red-eyed Vireo",168,21
"2161","Red-eyed Vireo",169,17
"2162","Red-eyed Vireo",170,21
"2163","Red-eyed Vireo",171,0
"2164","Red-eyed Vireo",172,46
"2165","Red-eyed Vireo",173,10
"2166","Red-eyed Vireo",174,39
"2167","Red-eyed Vireo",175,1
"2168","Red-eyed Vireo",176,1
"2169","Red-eyed Vireo",177,28
"2170","Red-eyed Vireo",178,4
"2171","Red-eyed Vireo",179,132
"2172","Red-eyed Vireo",180,4
"2173","Red-eyed Vireo",181,0
"2174","Red-eyed Vireo",182,0
"2175","Red-eyed Vireo",183,0
"2176","Red-eyed Vireo",184,2
"2177","Red-eyed Vireo",185,3
"2178","Red-eyed Vireo",186,24
"2179","Red-eyed Vireo",187,21
"2180","Red-eyed Vireo",188,8
"2181","Red-eyed Vireo",189,17
"2182","Red-eyed Vireo",190,11
"2183","Red-eyed Vireo",191,1
"2184","Red-eyed Vireo",192,5
"2185","Red-eyed Vireo",193,32
"2186","Red-eyed Vireo",194,55
"2187","Red-eyed Vireo",195,1
"2188","Red-eyed Vireo",196,43
"2189","Red-eyed Vireo",197,5
"2190","Red-eyed Vireo",198,0
"2191","Red-eyed Vireo",199,18
"2192","Red-eyed Vireo",200,14
"2193","Red-eyed Vireo",201,3
"2194","Red-headed Woodpecker",151,0
"2195","Red-headed Woodpecker",152,2
"2196","Red-headed Woodpecker",153,1
"2197","Red-headed Woodpecker",154,0
"2198","Red-headed Woodpecker",155,2
"2199","Red-headed Woodpecker",156,0
"2200","Red-headed Woodpecker",157,1
"2201","Red-headed Woodpecker",158,1
"2202","Red-headed Woodpecker",159,0
"2203","Red-headed Woodpecker",160,0
"2204","Red-headed Woodpecker",161,2
"2205","Red-headed Woodpecker",162,3
"2206","Red-headed Woodpecker",163,2
"2207","Red-headed Woodpecker",164,2
"2208","Red-headed Woodpecker",165,6
"2209","Red-headed Woodpecker",166,2
"2210","Red-headed Woodpecker",167,3
"2211","Red-headed Woodpecker",168,0
"2212","Red-headed Woodpecker",169,3
"2213","Red-headed Woodpecker",170,1
"2214","Red-headed Woodpecker",171,0
"2215","Red-headed Woodpecker",172,0
"2216","Red-headed Woodpecker",173,7
"2217","Red-headed Woodpecker",174,2
"2218","Red-headed Woodpecker",175,4
"2219","Red-headed Woodpecker",176,1
"2220","Red-headed Woodpecker",177,0
"2221","Red-headed Woodpecker",178,1
"2222","Red-headed Woodpecker",179,1
"2223","Red-headed Woodpecker",180,1
"2224","Red-headed Woodpecker",181,1
"2225","Red-headed Woodpecker",182,4
"2226","Red-headed Woodpecker",183,0
"2227","Red-headed Woodpecker",184,1
"2228","Red-headed Woodpecker",185,0
"2229","Red-headed Woodpecker",186,0
"2230","Red-headed Woodpecker",187,1
"2231","Red-headed Woodpecker",188,0
"2232","Red-headed Woodpecker",189,0
"2233","Red-headed Woodpecker",190,0
"2234","Red-headed Woodpecker",191,0
"2235","Red-headed Woodpecker",192,29
"2236","Red-headed Woodpecker",193,2
"2237","Red-headed Woodpecker",194,0
"2238","Red-headed Woodpecker",195,0
"2239","Red-headed Woodpecker",196,0
"2240","Red-headed Woodpecker",197,0
"2241","Red-headed Woodpecker",198,0
"2242","Red-headed Woodpecker",199,0
"2243","Red-headed Woodpecker",200,0
"2244","Red-headed Woodpecker",201,1
"2245","Red-shouldered Hawk",151,0
"2246","Red-shouldered Hawk",152,0
"2247","Red-shouldered Hawk",153,0
"2248","Red-shouldered Hawk",154,0
"2249","Red-shouldered Hawk",155,0
"2250","Red-shouldered Hawk",156,0
"2251","Red-shouldered Hawk",157,6
"2252","Red-shouldered Hawk",158,0
"2253","Red-shouldered Hawk",159,0
"2254","Red-shouldered Hawk",160,7
"2255","Red-shouldered Hawk",161,0
"2256","Red-shouldered Hawk",162,0
"2257","Red-shouldered Hawk",163,0
"2258","Red-shouldered Hawk",164,0
"2259","Red-shouldered Hawk",165,0
"2260","Red-shouldered Hawk",166,0
"2261","Red-shouldered Hawk",167,1
"2262","Red-shouldered Hawk",168,2
"2263","Red-shouldered Hawk",169,0
"2264","Red-shouldered Hawk",170,0
"2265","Red-shouldered Hawk",171,0
"2266","Red-shouldered Hawk",172,0
"2267","Red-shouldered Hawk",173,0
"2268","Red-shouldered Hawk",174,0
"2269","Red-shouldered Hawk",175,0
"2270","Red-shouldered Hawk",176,0
"2271","Red-shouldered Hawk",177,0
"2272","Red-shouldered Hawk",178,0
"2273","Red-shouldered Hawk",179,5
"2274","Red-shouldered Hawk",180,1
"2275","Red-shouldered Hawk",181,0
"2276","Red-shouldered Hawk",182,39
"2277","Red-shouldered Hawk",183,0
"2278","Red-shouldered Hawk",184,0
"2279","Red-shouldered Hawk",185,0
"2280","Red-shouldered Hawk",186,0
"2281","Red-shouldered Hawk",187,0
"2282","Red-shouldered Hawk",188,0
"2283","Red-shouldered Hawk",189,0
"2284","Red-shouldered Hawk",190,0
"2285","Red-shouldered Hawk",191,0
"2286","Red-shouldered Hawk",192,3
"2287","Red-shouldered Hawk",193,0
"2288","Red-shouldered Hawk",194,0
"2289","Red-shouldered Hawk",195,0
"2290","Red-shouldered Hawk",196,3
"2291","Red-shouldered Hawk",197,0
"2292","Red-shouldered Hawk",198,0
"2293","Red-shouldered Hawk",199,0
"2294","Red-shouldered Hawk",200,0
"2295","Red-shouldered Hawk",201,0
"2296","Red-tailed Hawk",151,0
"2297","Red-tailed Hawk",152,0
"2298","Red-tailed Hawk",153,0
"2299","Red-tailed Hawk",154,0
"2300","Red-tailed Hawk",155,0
"2301","Red-tailed Hawk",156,2
"2302","Red-tailed Hawk",157,0
"2303","Red-tailed Hawk",158,0
"2304","Red-tailed Hawk",159,0
"2305","Red-tailed Hawk",160,1
"2306","Red-tailed Hawk",161,0
"2307","Red-tailed Hawk",162,0
"2308","Red-tailed Hawk",163,0
"2309","Red-tailed Hawk",164,0
"2310","Red-tailed Hawk",165,1
"2311","Red-tailed Hawk",166,0
"2312","Red-tailed Hawk",167,2
"2313","Red-tailed Hawk",168,1
"2314","Red-tailed Hawk",169,0
"2315","Red-tailed Hawk",170,1
"2316","Red-tailed Hawk",171,0
"2317","Red-tailed Hawk",172,1
"2318","Red-tailed Hawk",173,0
"2319","Red-tailed Hawk",174,0
"2320","Red-tailed Hawk",175,0
"2321","Red-tailed Hawk",176,1
"2322","Red-tailed Hawk",177,0
"2323","Red-tailed Hawk",178,0
"2324","Red-tailed Hawk",179,0
"2325","Red-tailed Hawk",180,0
"2326","Red-tailed Hawk",181,0
"2327","Red-tailed Hawk",182,0
"2328","Red-tailed Hawk",183,0
"2329","Red-tailed Hawk",184,0
"2330","Red-tailed Hawk",185,0
"2331","Red-tailed Hawk",186,0
"2332","Red-tailed Hawk",187,0
"2333","Red-tailed Hawk",188,0
"2334","Red-tailed Hawk",189,0
"2335","Red-tailed Hawk",190,0
"2336","Red-tailed Hawk",191,0
"2337","Red-tailed Hawk",192,0
"2338","Red-tailed Hawk",193,0
"2339","Red-tailed Hawk",194,0
"2340","Red-tailed Hawk",195,0
"2341","Red-tailed Hawk",196,0
"2342","Red-tailed Hawk",197,0
"2343","Red-tailed Hawk",198,0
"2344","Red-tailed Hawk",199,0
"2345","Red-tailed Hawk",200,0
"2346","Red-tailed Hawk",201,0
"2347","Red-winged Blackbird",151,0
"2348","Red-winged Blackbird",152,0
"2349","Red-winged Blackbird",153,0
"2350","Red-winged Blackbird",154,0
"2351","Red-winged Blackbird",155,0
"2352","Red-winged Blackbird",156,0
"2353","Red-winged Blackbird",157,0
"2354","Red-winged Blackbird",158,0
"2355","Red-winged Blackbird",159,0
"2356","Red-winged Blackbird",160,0
"2357","Red-winged Blackbird",161,0
"2358","Red-winged Blackbird",162,0
"2359","Red-winged Blackbird",163,0
"2360","Red-winged Blackbird",164,0
"2361","Red-winged Blackbird",165,0
"2362","Red-winged Blackbird",166,0
"2363","Red-winged Blackbird",167,0
"2364","Red-winged Blackbird",168,0
"2365","Red-winged Blackbird",169,0
"2366","Red-winged Blackbird",170,0
"2367","Red-winged Blackbird",171,0
"2368","Red-winged Blackbird",172,0
"2369","Red-winged Blackbird",173,0
"2370","Red-winged Blackbird",174,0
"2371","Red-winged Blackbird",175,0
"2372","Red-winged Blackbird",176,0
"2373","Red-winged Blackbird",177,0
"2374","Red-winged Blackbird",178,0
"2375","Red-winged Blackbird",179,0
"2376","Red-winged Blackbird",180,0
"2377","Red-winged Blackbird",181,0
"2378","Red-winged Blackbird",182,0
"2379","Red-winged Blackbird",183,0
"2380","Red-winged Blackbird",184,0
"2381","Red-winged Blackbird",185,0
"2382","Red-winged Blackbird",186,0
"2383","Red-winged Blackbird",187,0
"2384","Red-winged Blackbird",188,0
"2385","Red-winged Blackbird",189,0
"2386","Red-winged Blackbird",190,0
"2387","Red-winged Blackbird",191,0
"2388","Red-winged Blackbird",192,0
"2389","Red-winged Blackbird",193,0
"2390","Red-winged Blackbird",194,0
"2391","Red-winged Blackbird",195,0
"2392","Red-winged Blackbird",196,0
"2393","Red-winged Blackbird",197,0
"2394","Red-winged Blackbird",198,0
"2395","Red-winged Blackbird",199,0
"2396","Red-winged Blackbird",200,0
"2397","Red-winged Blackbird",201,0
"2398","Ruby-throated Hummingbird",151,0
"2399","Ruby-throated Hummingbird",152,0
"2400","Ruby-throated Hummingbird",153,0
"2401","Ruby-throated Hummingbird",154,0
"2402","Ruby-throated Hummingbird",155,0
"2403","Ruby-throated Hummingbird",156,0
"2404","Ruby-throated Hummingbird",157,0
"2405","Ruby-throated Hummingbird",158,0
"2406","Ruby-throated Hummingbird",159,0
"2407","Ruby-throated Hummingbird",160,0
"2408","Ruby-throated Hummingbird",161,0
"2409","Ruby-throated Hummingbird",162,0
"2410","Ruby-throated Hummingbird",163,0
"2411","Ruby-throated Hummingbird",164,0
"2412","Ruby-throated Hummingbird",165,0
"2413","Ruby-throated Hummingbird",166,0
"2414","Ruby-throated Hummingbird",167,0
"2415","Ruby-throated Hummingbird",168,0
"2416","Ruby-throated Hummingbird",169,0
"2417","Ruby-throated Hummingbird",170,0
"2418","Ruby-throated Hummingbird",171,0
"2419","Ruby-throated Hummingbird",172,0
"2420","Ruby-throated Hummingbird",173,0
"2421","Ruby-throated Hummingbird",174,0
"2422","Ruby-throated Hummingbird",175,0
"2423","Ruby-throated Hummingbird",176,0
"2424","Ruby-throated Hummingbird",177,1
"2425","Ruby-throated Hummingbird",178,0
"2426","Ruby-throated Hummingbird",179,0
"2427","Ruby-throated Hummingbird",180,0
"2428","Ruby-throated Hummingbird",181,0
"2429","Ruby-throated Hummingbird",182,0
"2430","Ruby-throated Hummingbird",183,0
"2431","Ruby-throated Hummingbird",184,0
"2432","Ruby-throated Hummingbird",185,0
"2433","Ruby-throated Hummingbird",186,0
"2434","Ruby-throated Hummingbird",187,0
"2435","Ruby-throated Hummingbird",188,0
"2436","Ruby-throated Hummingbird",189,0
"2437","Ruby-throated Hummingbird",190,0
"2438","Ruby-throated Hummingbird",191,0
"2439","Ruby-throated Hummingbird",192,0
"2440","Ruby-throated Hummingbird",193,0
"2441","Ruby-throated Hummingbird",194,0
"2442","Ruby-throated Hummingbird",195,1
"2443","Ruby-throated Hummingbird",196,1
"2444","Ruby-throated Hummingbird",197,0
"2445","Ruby-throated Hummingbird",198,0
"2446","Ruby-throated Hummingbird",199,0
"2447","Ruby-throated Hummingbird",200,0
"2448","Ruby-throated Hummingbird",201,0
"2449","Scarlet Tanager",151,22
"2450","Scarlet Tanager",152,18
"2451","Scarlet Tanager",153,2
"2452","Scarlet Tanager",154,12
"2453","Scarlet Tanager",155,92
"2454","Scarlet Tanager",156,89
"2455","Scarlet Tanager",157,23
"2456","Scarlet Tanager",158,23
"2457","Scarlet Tanager",159,200
"2458","Scarlet Tanager",160,4
"2459","Scarlet Tanager",161,63
"2460","Scarlet Tanager",162,62
"2461","Scarlet Tanager",163,10
"2462","Scarlet Tanager",164,87
"2463","Scarlet Tanager",165,2
"2464","Scarlet Tanager",166,1
"2465","Scarlet Tanager",167,4
"2466","Scarlet Tanager",168,5
"2467","Scarlet Tanager",169,43
"2468","Scarlet Tanager",170,33
"2469","Scarlet Tanager",171,67
"2470","Scarlet Tanager",172,129
"2471","Scarlet Tanager",173,149
"2472","Scarlet Tanager",174,31
"2473","Scarlet Tanager",175,24
"2474","Scarlet Tanager",176,1
"2475","Scarlet Tanager",177,1
"2476","Scarlet Tanager",178,1
"2477","Scarlet Tanager",179,12
"2478","Scarlet Tanager",180,7
"2479","Scarlet Tanager",181,20
"2480","Scarlet Tanager",182,12
"2481","Scarlet Tanager",183,2
"2482","Scarlet Tanager",184,0
"2483","Scarlet Tanager",185,5
"2484","Scarlet Tanager",186,14
"2485","Scarlet Tanager",187,18
"2486","Scarlet Tanager",188,7
"2487","Scarlet Tanager",189,4
"2488","Scarlet Tanager",190,5
"2489","Scarlet Tanager",191,1
"2490","Scarlet Tanager",192,13
"2491","Scarlet Tanager",193,14
"2492","Scarlet Tanager",194,6
"2493","Scarlet Tanager",195,0
"2494","Scarlet Tanager",196,1
"2495","Scarlet Tanager",197,13
"2496","Scarlet Tanager",198,0
"2497","Scarlet Tanager",199,2
"2498","Scarlet Tanager",200,5
"2499","Scarlet Tanager",201,1
"2500","Summer Tanager",151,88
"2501","Summer Tanager",152,995
"2502","Summer Tanager",153,147
"2503","Summer Tanager",154,123
"2504","Summer Tanager",155,285
"2505","Summer Tanager",156,77
"2506","Summer Tanager",157,210
"2507","Summer Tanager",158,174
"2508","Summer Tanager",159,889
"2509","Summer Tanager",160,273
"2510","Summer Tanager",161,363
"2511","Summer Tanager",162,236
"2512","Summer Tanager",163,202
"2513","Summer Tanager",164,336
"2514","Summer Tanager",165,3
"2515","Summer Tanager",166,10
"2516","Summer Tanager",167,59
"2517","Summer Tanager",168,1
"2518","Summer Tanager",169,52
"2519","Summer Tanager",170,33
"2520","Summer Tanager",171,26
"2521","Summer Tanager",172,2
"2522","Summer Tanager",173,28
"2523","Summer Tanager",174,2
"2524","Summer Tanager",175,32
"2525","Summer Tanager",176,24
"2526","Summer Tanager",177,16
"2527","Summer Tanager",178,1
"2528","Summer Tanager",179,1
"2529","Summer Tanager",180,15
"2530","Summer Tanager",181,43
"2531","Summer Tanager",182,40
"2532","Summer Tanager",183,6
"2533","Summer Tanager",184,12
"2534","Summer Tanager",185,17
"2535","Summer Tanager",186,40
"2536","Summer Tanager",187,35
"2537","Summer Tanager",188,12
"2538","Summer Tanager",189,57
"2539","Summer Tanager",190,1
"2540","Summer Tanager",191,12
"2541","Summer Tanager",192,47
"2542","Summer Tanager",193,39
"2543","Summer Tanager",194,30
"2544","Summer Tanager",195,1
"2545","Summer Tanager",196,285
"2546","Summer Tanager",197,125
"2547","Summer Tanager",198,566
"2548","Summer Tanager",199,3
"2549","Summer Tanager",200,0
"2550","Summer Tanager",201,9
"2551","Tufted Titmouse",151,21
"2552","Tufted Titmouse",152,0
"2553","Tufted Titmouse",153,2
"2554","Tufted Titmouse",154,42
"2555","Tufted Titmouse",155,60
"2556","Tufted Titmouse",156,85
"2557","Tufted Titmouse",157,111
"2558","Tufted Titmouse",158,50
"2559","Tufted Titmouse",159,7
"2560","Tufted Titmouse",160,7
"2561","Tufted Titmouse",161,64
"2562","Tufted Titmouse",162,18
"2563","Tufted Titmouse",163,19
"2564","Tufted Titmouse",164,1
"2565","Tufted Titmouse",165,31
"2566","Tufted Titmouse",166,123
"2567","Tufted Titmouse",167,18
"2568","Tufted Titmouse",168,13
"2569","Tufted Titmouse",169,101
"2570","Tufted Titmouse",170,73
"2571","Tufted Titmouse",171,68
"2572","Tufted Titmouse",172,1
"2573","Tufted Titmouse",173,75
"2574","Tufted Titmouse",174,2
"2575","Tufted Titmouse",175,24
"2576","Tufted Titmouse",176,35
"2577","Tufted Titmouse",177,83
"2578","Tufted Titmouse",178,0
"2579","Tufted Titmouse",179,4
"2580","Tufted Titmouse",180,0
"2581","Tufted Titmouse",181,4
"2582","Tufted Titmouse",182,57
"2583","Tufted Titmouse",183,5
"2584","Tufted Titmouse",184,5
"2585","Tufted Titmouse",185,2
"2586","Tufted Titmouse",186,5
"2587","Tufted Titmouse",187,33
"2588","Tufted Titmouse",188,11
"2589","Tufted Titmouse",189,0
"2590","Tufted Titmouse",190,11
"2591","Tufted Titmouse",191,0
"2592","Tufted Titmouse",192,31
"2593","Tufted Titmouse",193,37
"2594","Tufted Titmouse",194,7
"2595","Tufted Titmouse",195,2
"2596","Tufted Titmouse",196,31
"2597","Tufted Titmouse",197,2
"2598","Tufted Titmouse",198,14
"2599","Tufted Titmouse",199,3
"2600","Tufted Titmouse",200,2
"2601","Tufted Titmouse",201,1
"2602","White-breasted Nuthatch",151,0
"2603","White-breasted Nuthatch",152,0
"2604","White-breasted Nuthatch",153,0
"2605","White-breasted Nuthatch",154,1
"2606","White-breasted Nuthatch",155,2
"2607","White-breasted Nuthatch",156,35
"2608","White-breasted Nuthatch",157,10
"2609","White-breasted Nuthatch",158,11
"2610","White-breasted Nuthatch",159,0
"2611","White-breasted Nuthatch",160,0
"2612","White-breasted Nuthatch",161,0
"2613","White-breasted Nuthatch",162,0
"2614","White-breasted Nuthatch",163,0
"2615","White-breasted Nuthatch",164,0
"2616","White-breasted Nuthatch",165,2
"2617","White-breasted Nuthatch",166,0
"2618","White-breasted Nuthatch",167,2
"2619","White-breasted Nuthatch",168,2
"2620","White-breasted Nuthatch",169,2
"2621","White-breasted Nuthatch",170,2
"2622","White-breasted Nuthatch",171,0
"2623","White-breasted Nuthatch",172,0
"2624","White-breasted Nuthatch",173,3
"2625","White-breasted Nuthatch",174,7
"2626","White-breasted Nuthatch",175,0
"2627","White-breasted Nuthatch",176,0
"2628","White-breasted Nuthatch",177,13
"2629","White-breasted Nuthatch",178,0
"2630","White-breasted Nuthatch",179,0
"2631","White-breasted Nuthatch",180,0
"2632","White-breasted Nuthatch",181,0
"2633","White-breasted Nuthatch",182,34
"2634","White-breasted Nuthatch",183,0
"2635","White-breasted Nuthatch",184,0
"2636","White-breasted Nuthatch",185,1
"2637","White-breasted Nuthatch",186,0
"2638","White-breasted Nuthatch",187,71
"2639","White-breasted Nuthatch",188,15
"2640","White-breasted Nuthatch",189,0
"2641","White-breasted Nuthatch",190,34
"2642","White-breasted Nuthatch",191,0
"2643","White-breasted Nuthatch",192,0
"2644","White-breasted Nuthatch",193,1
"2645","White-breasted Nuthatch",194,0
"2646","White-breasted Nuthatch",195,3
"2647","White-breasted Nuthatch",196,0
"2648","White-breasted Nuthatch",197,0
"2649","White-breasted Nuthatch",198,69
"2650","White-breasted Nuthatch",199,0
"2651","White-breasted Nuthatch",200,0
"2652","White-breasted Nuthatch",201,0
"2653","White-eyed Vireo",151,0
"2654","White-eyed Vireo",152,1
"2655","White-eyed Vireo",153,0
"2656","White-eyed Vireo",154,0
"2657","White-eyed Vireo",155,1
"2658","White-eyed Vireo",156,0
"2659","White-eyed Vireo",157,0
"2660","White-eyed Vireo",158,0
"2661","White-eyed Vireo",159,4
"2662","White-eyed Vireo",160,0
"2663","White-eyed Vireo",161,1
"2664","White-eyed Vireo",162,0
"2665","White-eyed Vireo",163,0
"2666","White-eyed Vireo",164,0
"2667","White-eyed Vireo",165,0
"2668","White-eyed Vireo",166,0
"2669","White-eyed Vireo",167,0
"2670","White-eyed Vireo",168,0
"2671","White-eyed Vireo",169,1
"2672","White-eyed Vireo",170,0
"2673","White-eyed Vireo",171,0
"2674","White-eyed Vireo",172,0
"2675","White-eyed Vireo",173,0
"2676","White-eyed Vireo",174,0
"2677","White-eyed Vireo",175,0
"2678","White-eyed Vireo",176,0
"2679","White-eyed Vireo",177,0
"2680","White-eyed Vireo",178,0
"2681","White-eyed Vireo",179,0
"2682","White-eyed Vireo",180,1
"2683","White-eyed Vireo",181,0
"2684","White-eyed Vireo",182,0
"2685","White-eyed Vireo",183,0
"2686","White-eyed Vireo",184,0
"2687","White-eyed Vireo",185,0
"2688","White-eyed Vireo",186,0
"2689","White-eyed Vireo",187,0
"2690","White-eyed Vireo",188,0
"2691","White-eyed Vireo",189,0
"2692","White-eyed Vireo",190,0
"2693","White-eyed Vireo",191,0
"2694","White-eyed Vireo",192,0
"2695","White-eyed Vireo",193,1
"2696","White-eyed Vireo",194,0
"2697","White-eyed Vireo",195,0
"2698","White-eyed Vireo",196,0
"2699","White-eyed Vireo",197,1
"2700","White-eyed Vireo",198,13
"2701","White-eyed Vireo",199,0
"2702","White-eyed Vireo",200,0
"2703","White-eyed Vireo",201,0
"2704","Yellow-billed Cuckoo",151,0
"2705","Yellow-billed Cuckoo",152,0
"2706","Yellow-billed Cuckoo",153,0
"2707","Yellow-billed Cuckoo",154,1
"2708","Yellow-billed Cuckoo",155,6
"2709","Yellow-billed Cuckoo",156,1
"2710","Yellow-billed Cuckoo",157,4
"2711","Yellow-billed Cuckoo",158,0
"2712","Yellow-billed Cuckoo",159,3
"2713","Yellow-billed Cuckoo",160,3
"2714","Yellow-billed Cuckoo",161,1
"2715","Yellow-billed Cuckoo",162,1
"2716","Yellow-billed Cuckoo",163,2
"2717","Yellow-billed Cuckoo",164,6
"2718","Yellow-billed Cuckoo",165,15
"2719","Yellow-billed Cuckoo",166,4
"2720","Yellow-billed Cuckoo",167,8
"2721","Yellow-billed Cuckoo",168,11
"2722","Yellow-billed Cuckoo",169,3
"2723","Yellow-billed Cuckoo",170,39
"2724","Yellow-billed Cuckoo",171,0
"2725","Yellow-billed Cuckoo",172,5
"2726","Yellow-billed Cuckoo",173,9
"2727","Yellow-billed Cuckoo",174,15
"2728","Yellow-billed Cuckoo",175,25
"2729","Yellow-billed Cuckoo",176,13
"2730","Yellow-billed Cuckoo",177,29
"2731","Yellow-billed Cuckoo",178,8
"2732","Yellow-billed Cuckoo",179,13
"2733","Yellow-billed Cuckoo",180,0
"2734","Yellow-billed Cuckoo",181,0
"2735","Yellow-billed Cuckoo",182,0
"2736","Yellow-billed Cuckoo",183,10
"2737","Yellow-billed Cuckoo",184,74
"2738","Yellow-billed Cuckoo",185,6
"2739","Yellow-billed Cuckoo",186,3
"2740","Yellow-billed Cuckoo",187,10
"2741","Yellow-billed Cuckoo",188,2
"2742","Yellow-billed Cuckoo",189,1
"2743","Yellow-billed Cuckoo",190,0
"2744","Yellow-billed Cuckoo",191,2
"2745","Yellow-billed Cuckoo",192,0
"2746","Yellow-billed Cuckoo",193,26
"2747","Yellow-billed Cuckoo",194,56
"2748","Yellow-billed Cuckoo",195,48
"2749","Yellow-billed Cuckoo",196,2
"2750","Yellow-billed Cuckoo",197,0
"2751","Yellow-billed Cuckoo",198,0
"2752","Yellow-billed Cuckoo",199,4
"2753","Yellow-billed Cuckoo",200,3
"2754","Yellow-billed Cuckoo",201,0
"2755","Yellow-throated Vireo",151,100
"2756","Yellow-throated Vireo",152,76
"2757","Yellow-throated Vireo",153,58
"2758","Yellow-throated Vireo",154,84
"2759","Yellow-throated Vireo",155,121
"2760","Yellow-throated Vireo",156,120
"2761","Yellow-throated Vireo",157,37
"2762","Yellow-throated Vireo",158,14
"2763","Yellow-throated Vireo",159,87
"2764","Yellow-throated Vireo",160,49
"2765","Yellow-throated Vireo",161,56
"2766","Yellow-throated Vireo",162,201
"2767","Yellow-throated Vireo",163,190
"2768","Yellow-throated Vireo",164,222
"2769","Yellow-throated Vireo",165,230
"2770","Yellow-throated Vireo",166,149
"2771","Yellow-throated Vireo",167,131
"2772","Yellow-throated Vireo",168,108
"2773","Yellow-throated Vireo",169,58
"2774","Yellow-throated Vireo",170,66
"2775","Yellow-throated Vireo",171,107
"2776","Yellow-throated Vireo",172,192
"2777","Yellow-throated Vireo",173,316
"2778","Yellow-throated Vireo",174,678
"2779","Yellow-throated Vireo",175,443
"2780","Yellow-throated Vireo",176,13
"2781","Yellow-throated Vireo",177,9
"2782","Yellow-throated Vireo",178,5
"2783","Yellow-throated Vireo",179,7
"2784","Yellow-throated Vireo",180,23
"2785","Yellow-throated Vireo",181,26
"2786","Yellow-throated Vireo",182,4
"2787","Yellow-throated Vireo",183,74
"2788","Yellow-throated Vireo",184,15
"2789","Yellow-throated Vireo",185,13
"2790","Yellow-throated Vireo",186,16
"2791","Yellow-throated Vireo",187,18
"2792","Yellow-throated Vireo",188,12
"2793","Yellow-throated Vireo",189,31
"2794","Yellow-throated Vireo",190,61
"2795","Yellow-throated Vireo",191,4
"2796","Yellow-throated Vireo",192,16
"2797","Yellow-throated Vireo",193,24
"2798","Yellow-throated Vireo",194,11
"2799","Yellow-throated Vireo",195,33
"2800","Yellow-throated Vireo",196,10
"2801","Yellow-throated Vireo",197,4
"2802","Yellow-throated Vireo",198,0
"2803","Yellow-throated Vireo",199,4
"2804","Yellow-throated Vireo",200,6
"2805","Yellow-throated Vireo",201,0
"2806","Yellow-throated Warbler",151,2
"2807","Yellow-throated Warbler",152,22
"2808","Yellow-throated Warbler",153,40
"2809","Yellow-throated Warbler",154,207
"2810","Yellow-throated Warbler",155,6
"2811","Yellow-throated Warbler",156,0
"2812","Yellow-throated Warbler",157,2
"2813","Yellow-throated Warbler",158,7
"2814","Yellow-throated Warbler",159,3
"2815","Yellow-throated Warbler",160,91
"2816","Yellow-throated Warbler",161,6
"2817","Yellow-throated Warbler",162,6
"2818","Yellow-throated Warbler",163,64
"2819","Yellow-throated Warbler",164,3
"2820","Yellow-throated Warbler",165,0
"2821","Yellow-throated Warbler",166,18
"2822","Yellow-throated Warbler",167,0
"2823","Yellow-throated Warbler",168,16
"2824","Yellow-throated Warbler",169,14
"2825","Yellow-throated Warbler",170,3
"2826","Yellow-throated Warbler",171,3
"2827","Yellow-throated Warbler",172,0
"2828","Yellow-throated Warbler",173,0
"2829","Yellow-throated Warbler",174,74
"2830","Yellow-throated Warbler",175,29
"2831","Yellow-throated Warbler",176,8
"2832","Yellow-throated Warbler",177,11
"2833","Yellow-throated Warbler",178,1
"2834","Yellow-throated Warbler",179,23
"2835","Yellow-throated Warbler",180,5
"2836","Yellow-throated Warbler",181,11
"2837","Yellow-throated Warbler",182,45
"2838","Yellow-throated Warbler",183,7
"2839","Yellow-throated Warbler",184,8
"2840","Yellow-throated Warbler",185,0
"2841","Yellow-throated Warbler",186,0
"2842","Yellow-throated Warbler",187,10
"2843","Yellow-throated Warbler",188,1
"2844","Yellow-throated Warbler",189,0
"2845","Yellow-throated Warbler",190,0
"2846","Yellow-throated Warbler",191,0
"2847","Yellow-throated Warbler",192,6
"2848","Yellow-throated Warbler",193,0
"2849","Yellow-throated Warbler",194,0
"2850","Yellow-throated Warbler",195,1
"2851","Yellow-throated Warbler",196,2
"2852","Yellow-throated Warbler",197,0
"2853","Yellow-throated Warbler",198,4
"2854","Yellow-throated Warbler",199,0
"2855","Yellow-throated Warbler",200,1
"2856","Yellow-throated Warbler",201,1
